Species,ChemicalName,QNs,Freq,log10_Aij,EU_K,CDMS/JPL Intensity
['CH3OHvt=0-2'],['Methanol'],['5(-1)-4(0)E2vt=0'],[84.521172],[-5.70555],[40.39102],[-4.8657]
['CH3OHvt=0-2'],['Methanol'],['8(0)+-7(1)+vt=0'],[95.169391],[-5.67138],[83.53852],[-4.7561]
['CH3OHvt=0-2' 'CH3OHvt=0-2'],['Methanol' 'Methanol'],['2(0)+-1(0)+vt=0' '2(0)-1(0)E1vt=0'],[96.741371 96.744545],[-5.4675  -5.46758],[ 6.965  20.0896],[-4.9799 -4.999 ]
['CH3OHvt=0-2'],['Methanol'],['13(2)-12(3)E1vt=0'],[100.638872],[-5.77287],[233.60704],[-4.898]
['CH3OHvt=0-2'],['Methanol'],['13(-3)-12(-4)E2vt=0'],[104.060634],[-5.79915],[273.89852],[-4.997]
['CH3OHvt=0-2'],['Methanol'],['11(-1)-10(-2)E2vt=0'],[104.300337],[-5.70778],[158.63588],[-4.8094]
['CH3OHvt=0-2'],['Methanol'],['13(1)+-12(2)+vt=0'],[105.063816],[-5.62468],[223.84154],[-4.7542]
['CH3OHvt=0-2'],['Methanol'],['3(1)+-4(0)+vt=0'],[107.013831],[-5.51343],[28.34892],[-4.6531]
['CH3OHvt=0-2'],['Methanol'],['7(2)+-8(1)+vt=0'],[111.289453],[-5.58537],[102.71545],[-4.8196]
['CH3OHvt=0-2'],['Methanol'],['17(-2)-17(1)E2vt=0'],[111.626514],[-5.63084],[381.51607],[-4.902]
['CH3OHvt=0-2'],['Methanol'],['18(-2)-18(1)E2vt=0'],[114.6509],[-5.49431],[423.42004],[-4.8135]
['CH3OHvt=0-2'],['Methanol'],['8(1)+-9(2)+vt=1'],[118.207917],[-5.19859],[408.51389],[-4.8471]
['CH3OHvt=0-2'],['Methanol'],['19(-2)-19(1)E2vt=0'],[118.293518],[-5.36276],[467.66722],[-4.7366]
['CH3OHvt=0-2'],['Methanol'],['18(-2)-17(-3)E2vt=0'],[119.271082],[-5.51431],[423.4202],[-4.8505]
['CH3OHvt=0-2'],['Methanol'],['8(1)--9(2)-vt=1'],[121.607661],[-5.16165],[408.67993],[-4.8226]
['CH3OHvt=0-2'],['Methanol'],['2(2)-1(1)E1vt=0'],[121.689902],[-4.92562],[29.2072],[-4.569]
['CH3OHvt=0-2'],['Methanol'],['12(-5)-13(-4)E2vt=0'],[123.782392],[-5.61841],[305.00016],[-4.9694]
['CH3OHvt=0-2'],['Methanol'],['6(0)-5(1)E1vt=0'],[124.570036],[-5.38168],[61.85009],[-4.6674]
['CH3OHvt=0-2'],['Methanol'],['12(1)--11(2)-vt=0'],[129.433338],[-5.36486],[197.07452],[-4.5788]
['CH3OHvt=0-2'],['Methanol'],['17(4)-18(3)E1vt=0'],[131.134094],[-5.38804],[450.96357],[-4.829]
['CH3OHvt=0-2'],['Methanol'],['6(2)--7(1)-vt=0'],[132.621824],[-5.38374],[86.45674],[-4.732]
['CH3OHvt=0-2'],['Methanol'],['6(-1)-5(0)E2vt=0'],[132.890759],[-5.11081],[54.31173],[-4.4134]
['CH3OHvt=0-2'],['Methanol'],['20(0)-20(-1)E2vt=0'],[133.427704],[-5.44013],[497.91851],[-4.8878]
['CH3OHvt=0-2'],['Methanol'],['5(-2)-6(-1)E2vt=0'],[133.605439],[-5.39677],[60.72409],[-4.7835]
['CH3OHvt=0-2'],['Methanol'],['12(-3)-13(-2)E2vt=0'],[134.231039],[-5.35877],[243.73815],[-4.6559]
['CH3OHvt=0-2'],['Methanol'],['8(2)--7(3)-vt=0'],[134.896885],[-5.52275],[121.26615],[-4.8122]
['CH3OHvt=0-2'],['Methanol'],['8(2)+-7(3)+vt=0'],[135.376814],[-5.51809],[121.28918],[-4.8091]
['CH3OHvt=0-2'],['Methanol'],['16(3)+-15(4)+vt=0'],[136.728343],[-5.37974],[365.36921],[-4.7403]
['CH3OHvt=0-2'],['Methanol'],['19(0)-19(-1)E2vt=0'],[136.915288],[-5.35189],[451.9345],[-4.7658]
['CH3OHvt=0-2'],['Methanol'],['16(3)--15(4)-vt=0'],[137.23338],[-5.37493],[365.39345],[-4.7371]
['CH3OHvt=0-2'],['Methanol'],['18(0)-18(-1)E2vt=0'],[140.151208],[-5.26888],[408.22319],[-4.6524]
['CH3OHvt=0-2'],['Methanol'],['17(0)-17(-1)E2vt=0'],[143.108385],[-5.19116],[366.78613],[-4.5478]
['CH3OHvt=0-2'],['Methanol'],['7(3)-8(2)E1vt=0'],[143.169517],[-5.38422],[112.70828],[-4.7412]
['CH3OHvt=0-2'],['Methanol'],['3(1)+-2(1)+vt=0'],[143.865795],[-4.97117],[28.34784],[-4.5391]
['CH3OHvt=0-2'],['Methanol'],['3(1)+-2(1)+vt=1'],[144.589854],[-4.9639],[339.13504],[-4.9839]
['CH3OHvt=0-2' 'CH3OHvt=0-2'],['Methanol' 'Methanol'],['3(1)-2(1)E1vt=1' '3(0)-2(0)E1vt=1'],[144.734429 144.736349],[-4.96436 -4.91247],[305.36544 314.46862],[-4.9359 -4.8972]
['CH3OHvt=0-2'],['Methanol'],['3(1)--2(1)-vt=1'],[144.878576],[-4.9613],[339.16328],[-4.9822]
['CH3OHvt=0-2' 'CH3OHvt=0-2'],['Methanol' 'Methanol'],['3(0)-2(0)E1vt=0' '3(-1)-2(-1)E2vt=0'],[145.093754 145.097435],[-4.90959 -4.96031],[27.05289 19.50529],[-4.4793 -4.5191]
['CH3OHvt=0-2'],['Methanol'],['3(0)+-2(0)+vt=0'],[145.103185],[-4.90927],[13.92746],[-4.46]
['CH3OHvt=0-2' 'CH3OHvt=0-2' 'CH3OHvt=0-2'],['Methanol' 'Methanol' 'Methanol'],['3(2)--2(2)-vt=0' '3(2)-2(2)E1vt=0' '3(-2)-2(-2)E2vt=0'],[145.124332 145.126191 145.126386],[-5.16161 -5.1693  -5.1638 ],[51.63716 36.17192 39.82784],[-4.767  -4.7523 -4.7521]
['CH3OHvt=0-2' 'CH3OHvt=0-2'],['Methanol' 'Methanol'],['3(1)-2(1)E1vt=0' '3(2)+-2(2)+vt=0'],[145.131864 145.133415],[-4.94901 -5.16149],[34.97658 51.63759],[-4.5303 -4.7669]
['CH3OHvt=0-2'],['Methanol'],['16(0)-16(-1)E2vt=0'],[145.766227],[-5.1191],[327.62379],[-4.4525]
['CH3OHvt=0-2'],['Methanol'],['3(1)--2(1)-vt=0'],[146.368328],[-4.94872],[28.5888],[-4.5244]
['CH3OHvt=0-2' 'CH3OHvt=0-2'],['Methanol' 'Methanol'],['14(1)+-13(2)+vt=0' '9(0)+-8(1)+vt=0'],[146.617429 146.618697],[-5.18005 -5.09467],[256.01684 104.41097],[-4.4684 -4.3472]
['CH3OHvt=0-2'],['Methanol'],['7(1)-6(0)E1vt=1'],[147.943673],[-5.04351],[356.29648],[-4.7672]
['CH3OHvt=0-2'],['Methanol'],['15(0)-15(-1)E2vt=0'],[148.111993],[-5.05289],[290.73987],[-4.3669]
['CH3OHvt=0-2'],['Methanol'],['14(2)-13(3)E1vt=0'],[149.532517],[-5.24916],[266.13173],[-4.5606]
['CH3OHvt=0-2'],['Methanol'],['14(0)-14(-1)E2vt=0'],[150.141672],[-4.99268],[256.13706],[-4.2914]
['CH3OHvt=0-2'],['Methanol'],['12(-1)-11(-2)E2vt=0'],[150.884543],[-5.23192],[186.43128],[-4.4963]
['CH3OHvt=0-2'],['Methanol'],['13(0)-13(-1)E2vt=0'],[151.860249],[-4.93835],[223.81847],[-4.2262]
['CH3OHvt=0-2'],['Methanol'],['14(-3)-13(-4)E2vt=0'],[152.443103],[-5.27643],[306.37565],[-4.6544]
['CH3OHvt=0-2'],['Methanol'],['9(4)--10(3)-vt=0'],[152.708449],[-5.34826],[184.78366],[-4.7346]
['CH3OHvt=0-2'],['Methanol'],['9(4)+-10(3)+vt=0'],[152.740212],[-5.34797],[184.78374],[-4.7344]
['CH3OHvt=0-2'],['Methanol'],['12(0)-12(-1)E2vt=0'],[153.281282],[-4.88981],[193.78763],[-4.1716]
['CH3OHvt=0-2'],['Methanol'],['11(0)-11(-1)E2vt=0'],[154.425832],[-4.84706],[166.04698],[-4.1281]
['CH3OHvt=0-2'],['Methanol'],['10(0)-10(-1)E2vt=0'],[155.320895],[-4.80961],[140.60215],[-4.0958]
['CH3OHvt=0-2'],['Methanol'],['9(0)-9(-1)E2vt=0'],[155.997524],[-4.77729],[117.45606],[-4.0753]
['CH3OHvt=0-2'],['Methanol'],['6(2)+-7(1)+vt=0'],[156.127544],[-5.17119],[86.46403],[-4.5895]
['CH3OHvt=0-2'],['Methanol'],['8(0)-8(-1)E2vt=0'],[156.488902],[-4.74961],[96.61318],[-4.0671]
['CH3OHvt=0-2'],['Methanol'],['2(1)+-3(0)+vt=0'],[156.602395],[-5.04937],[21.44441],[-4.4888]
['CH3OHvt=0-2'],['Methanol'],['7(0)-7(-1)E2vt=0'],[156.828517],[-4.72625],[78.07656],[-4.0722]
['CH3OHvt=0-2'],['Methanol'],['6(0)-6(-1)E2vt=0'],[157.048617],[-4.7068],[61.84918],[-4.092]
['CH3OHvt=0-2'],['Methanol'],['5(0)-5(-1)E2vt=0'],[157.178987],[-4.69083],[47.93535],[-4.1288]
['CH3OHvt=0-2'],['Methanol'],['4(0)-4(-1)E2vt=0'],[157.246062],[-4.67809],[36.3349],[-4.1866]
['CH3OHvt=0-2' 'CH3OHvt=0-2' 'CH3OHvt=0-2'],['Methanol' 'Methanol' 'Methanol'],['1(0)-1(-1)E2vt=0' '3(0)-3(-1)E2vt=0' '2(0)-2(-1)E2vt=0'],[157.270832 157.272338 157.276019],[-4.65644 -4.66831 -4.66116],[15.44661 27.05323 20.08976],[-4.6119 -4.2726 -4.4015]
['CH3OHvt=0-2'],['Methanol'],['13(5)-14(4)E1vt=0'],[157.574966],[-5.29998],[347.2096],[-4.7823]
['CH3OHvt=0-2'],['Methanol'],['1(1)-1(0)E1vt=0'],[165.050175],[-4.62908],[23.36773],[-4.6167]
['CH3OHvt=0-2'],['Methanol'],['2(1)-2(0)E1vt=0'],[165.06113],[-4.63028],[28.01117],[-4.4028]
['CH3OHvt=0-2'],['Methanol'],['14(6)-15(5)E1vt=0'],[165.074355],[-5.27047],[422.37829],[-4.8505]
['CH3OHvt=0-2'],['Methanol'],['3(1)-3(0)E1vt=0'],[165.09924],[-4.63212],[34.97664],[-4.2687]
['CH3OHvt=0-2'],['Methanol'],['4(1)-4(0)E1vt=0'],[165.190475],[-4.63429],[44.26251],[-4.1754]
['CH3OHvt=0-2'],['Methanol'],['5(1)-5(0)E1vt=0'],[165.369341],[-4.63677],[55.87045],[-4.108]
['CH3OHvt=0-2'],['Methanol'],['6(1)-6(0)E1vt=0'],[165.678649],[-4.63915],[69.80106],[-4.0588]
['CH3OHvt=0-2'],['Methanol'],['7(1)-7(0)E1vt=0'],[166.169098],[-4.64121],[86.05103],[-4.0235]
['CH3OHvt=0-2'],['Methanol'],['7(1)+-8(2)+vt=1'],[166.773281],[-4.73372],[390.01559],[-4.5576]
['CH3OHvt=0-2'],['Methanol'],['8(1)-8(0)E1vt=0'],[166.898566],[-4.64261],[104.62314],[-3.9993]
['CH3OHvt=0-2'],['Methanol'],['9(1)-9(0)E1vt=0'],[167.931056],[-4.64302],[125.51613],[-3.9843]
['CH3OHvt=0-2'],['Methanol'],['4(1)-3(2)E1vt=0'],[168.577831],[-5.35839],[44.2625],[-4.9082]
['CH3OHvt=0-2'],['Methanol'],['10(1)-10(0)E1vt=0'],[169.335219],[-4.64202],[148.72899],[-3.977]
['CH3OHvt=0-2'],['Methanol'],['7(1)--8(2)-vt=1'],[169.42724],[-4.71307],[390.1444],[-4.5439]
['CH3OHvt=0-2'],['Methanol'],['3(2)-2(1)E1vt=0'],[170.060592],[-4.59311],[36.17296],[-4.2441]
['CH3OHvt=0-2'],['Methanol'],['11(1)-11(0)E1vt=0'],[171.18245],[-4.63911],[174.26227],[-3.9762]
['CH3OHvt=0-2'],['Methanol'],['19(-2)-18(-3)E2vt=0'],[171.640574],[-5.04246],[467.66789],[-4.5761]
['CH3OHvt=0-2'],['Methanol'],['11(-5)-12(-4)E2vt=0'],[172.079307],[-5.22671],[277.16288],[-4.715]
['CH3OHvt=0-2'],['Methanol'],['7(0)-6(1)E1vt=0'],[172.445839],[-4.93517],[78.07647],[-4.3218]
['CH3OHvt=0-2'],['Methanol'],['12(1)-12(0)E1vt=0'],[173.544618],[-4.63394],[202.11509],[-3.981]
['CH3OHvt=0-2'],['Methanol'],['13(1)-13(0)E1vt=0'],[176.491541],[-4.62597],[232.28794],[-3.9905]
['CH3OHvt=0-2'],['Methanol'],['14(1)-14(0)E1vt=0'],[180.088419],[-4.61483],[264.77962],[-4.004]
['CH3OHvt=0-2'],['Methanol'],['16(4)-17(3)E1vt=0'],[180.43998],[-4.98265],[411.5437],[-4.529]
['CH3OHvt=0-2'],['Methanol'],['7(-1)-6(0)E2vt=0'],[181.295971],[-4.69754],[70.55057],[-4.0947]
['CH3OHvt=0-2'],['Methanol'],['4(-2)-5(-1)E2vt=0'],[181.771038],[-5.0448],[49.11558],[-4.6339]
['CH3OHvt=0-2'],['Methanol'],['13(1)--12(2)-vt=0'],[182.998157],[-4.90164],[227.47387],[-4.2747]
['CH3OHvt=0-2'],['Methanol'],['9(2)--8(3)-vt=0'],[183.123784],[-5.07686],[142.14941],[-4.4793]
['CH3OHvt=0-2'],['Methanol'],['11(-3)-12(-2)E2vt=0'],[183.720065],[-4.96359],[215.89478],[-4.3912]
['CH3OHvt=0-2'],['Methanol'],['5(2)--6(1)-vt=0'],[183.852765],[-4.99568],[72.52929],[-4.5364]
['CH3OHvt=0-2'],['Methanol'],['9(2)+-8(3)+vt=0'],[183.87987],[-5.07155],[142.18426],[-4.4758]
['CH3OHvt=0-2'],['Methanol'],['15(1)-15(0)E1vt=0'],[184.393438],[-4.6003],[299.58862],[-4.021]
['CH3OHvt=0-2'],['Methanol'],['17(3)+-16(4)+vt=0'],[184.795223],[-4.97497],[404.7934],[-4.4962]
['CH3OHvt=0-2'],['Methanol'],['17(3)--16(4)-vt=0'],[185.517478],[-4.96995],[404.82806],[-4.4929]
['CH3OHvt=0-2'],['Methanol'],['6(-4)-7(-3)E2vt=0'],[186.300912],[-5.33626],[136.64753],[-4.9029]
['CH3OHvt=0-2'],['Methanol'],['15(1)+-14(2)+vt=0'],[187.542911],[-4.85023],[290.48273],[-4.265]
['CH3OHvt=0-2'],['Methanol'],['16(1)-16(0)E1vt=0'],[189.455794],[-4.58211],[336.71584],[-4.041]
['CH3OHvt=0-2'],['Methanol'],['12(0)-12(1)E1vt=1'],[189.67968],[-4.4714],[481.1099],[-4.2604]
"['CH3OHvt=0-2' 'CH3OHvt=0-2' 'CH3OHvt=0-2' 'CH3OHvt=0-2' 'CH3OHvt=0-2'
 'CH3OHvt=0-2' 'CH3OHvt=0-2' 'CH3OHvt=0-2' 'CH3OHvt=0-2' 'CH3OHvt=0-2'
 'CH3OHvt=0-2']","['Methanol' 'Methanol' 'Methanol' 'Methanol' 'Methanol' 'Methanol'
 'Methanol' 'Methanol' 'Methanol' 'Methanol' 'Methanol']","['1(0)-1(1)E1vt=1' '11(0)-11(1)E1vt=1' '2(0)-2(1)E1vt=1' '3(0)-3(1)E1vt=1'
 '4(0)-4(1)E1vt=1' '10(0)-10(1)E1vt=1' '5(0)-5(1)E1vt=1' '6(0)-6(1)E1vt=1'
 '9(0)-9(1)E1vt=1' '7(0)-7(1)E1vt=1' '8(0)-8(1)E1vt=1']","[189.688834 189.689533 189.690223 189.692142 189.694397 189.695841
 189.696727 189.698805 189.699309 189.700241 189.700582]","[-4.45186 -4.46826 -4.4523  -4.45307 -4.4541  -4.46539 -4.45529 -4.45683
 -4.46282 -4.45851 -4.46056]","[302.8915  453.34502 307.52297 314.46943 323.7309  427.89206 335.3059
 349.19731 404.74963 365.40079 383.9192 ]","[-4.9037 -4.2533 -4.689  -4.5537 -4.459  -4.2531 -4.3898 -4.3389 -4.2605
 -4.3019 -4.2764]"
['CH3OHvt=0-2'],['Methanol'],['6(3)-7(2)E1vt=0'],[191.732978],[-5.05614],[96.45868],[-4.5769]
['CH3OHvt=0-2'],['Methanol'],['4(1)+-3(1)+vt=0'],[191.810503],[-4.55754],[37.55346],[-4.1529]
['CH3OHvt=0-2'],['Methanol'],['4(1)+-3(1)+vt=1'],[192.778584],[-4.55021],[348.3869],[-4.5977]
['CH3OHvt=0-2'],['Methanol'],['4(-3)-3(-3)E2vt=1'],[192.952735],[-4.8827],[345.78245],[-4.9268]
['CH3OHvt=0-2' 'CH3OHvt=0-2' 'CH3OHvt=0-2'],['Methanol' 'Methanol' 'Methanol'],['4(-2)-3(-2)E2vt=1' '4(2)+-3(2)+vt=1' '4(2)--3(2)-vt=1'],[192.962185 192.963768 192.965556],[-4.6447  -4.64815 -4.64815],[387.7633  321.82604 321.82613],[-4.7496 -4.6576 -4.6576]
['CH3OHvt=0-2' 'CH3OHvt=0-2' 'CH3OHvt=0-2'],['Methanol' 'Methanol' 'Methanol'],['4(1)-3(1)E1vt=1' '4(2)-3(2)E1vt=1' '4(0)-3(0)E1vt=1'],[192.972118 192.973715 192.974373],[-4.55066 -4.6468  -4.52187],[314.62685 423.04678 323.73004],[-4.5497 -4.8028 -4.5341]
['CH3OHvt=0-2'],['Methanol'],['4(-1)-3(-1)E2vt=1'],[192.996049],[-4.55093],[436.53055],[-4.7265]
['CH3OHvt=0-2'],['Methanol'],['4(0)+-3(0)+vt=1'],[193.019897],[-4.5219],[446.80594],[-4.7124]
['CH3OHvt=0-2'],['Methanol'],['4(1)--3(1)-vt=1'],[193.163377],[-4.54769],[348.43414],[-4.5961]
['CH3OHvt=0-2'],['Methanol'],['4(0)-3(0)E1vt=0'],[193.415324],[-4.51934],[36.33559],[-4.1165]
['CH3OHvt=0-2'],['Methanol'],['4(-1)-3(-1)E2vt=0'],[193.4416],[-4.54671],[28.78907],[-4.133]
['CH3OHvt=0-2'],['Methanol'],['4(0)+-3(0)+vt=0'],[193.454358],[-4.51875],[23.21301],[-4.097]
['CH3OHvt=0-2' 'CH3OHvt=0-2' 'CH3OHvt=0-2'],['Methanol' 'Methanol' 'Methanol'],['4(3)+-3(3)+vt=0' '4(3)--3(3)-vt=0' '4(3)-3(3)E1vt=0'],[193.471434 193.471545 193.474414],[-4.87842 -4.87842 -4.87704],[73.01249 73.0125  70.92498],[-4.5288 -4.5288 -4.5244]
['CH3OHvt=0-2' 'CH3OHvt=0-2'],['Methanol' 'Methanol'],['4(2)--3(2)-vt=0' '4(-3)-3(-3)E2vt=0'],[193.488047 193.488964],[-4.64069 -4.87519],[60.92332 85.9234 ],[-4.2736 -4.5443]
['CH3OHvt=0-2' 'CH3OHvt=0-2' 'CH3OHvt=0-2' 'CH3OHvt=0-2'],['Methanol' 'Methanol' 'Methanol' 'Methanol'],['4(1)-3(1)E1vt=0' '4(2)+-3(2)+vt=0' '4(-2)-3(-2)E2vt=0' '4(2)-3(2)E1vt=0'],[193.506559 193.51075  193.511225 193.511335],[-4.53537 -4.64054 -4.64283 -4.64822],[44.26326 60.92441 49.11502 45.45911],[-4.1442 -4.2735 -4.2587 -4.2588]
['CH3OHvt=0-2'],['Methanol'],['4(1)--3(1)-vt=0'],[195.14679],[-4.53499],[37.95385],[-4.1383]
['CH3OHvt=0-2'],['Methanol'],['17(1)-17(0)E1vt=0'],[195.314278],[-4.56005],[376.15885],[-4.0635]
['CH3OHvt=0-2'],['Methanol'],['8(1)-7(0)E1vt=1'],[196.146377],[-4.67756],[374.81469],[-4.4945]
['CH3OHvt=0-2'],['Methanol'],['13(-1)-12(-2)E2vt=0'],[196.963329],[-4.89524],[216.53035],[-4.2839]
['CH3OHvt=0-2'],['Methanol'],['15(2)-14(3)E1vt=0'],[198.394026],[-4.87669],[300.9756],[-4.3307]
['CH3OHvt=0-2'],['Methanol'],['10(0)+-9(1)+vt=0'],[198.403067],[-4.68852],[127.59866],[-4.0607]
['CH3OHvt=0-2'],['Methanol'],['15(-3)-14(-4)E2vt=0'],[200.820674],[-4.89561],[341.16752],[-4.413]
['CH3OHvt=0-2'],['Methanol'],['8(4)--9(3)-vt=0'],[201.071847],[-5.04029],[163.89738],[-4.5625]
['CH3OHvt=0-2'],['Methanol'],['8(4)+-9(3)+vt=0'],[201.088939],[-5.04015],[163.8982],[-4.5624]
['CH3OHvt=0-2'],['Methanol'],['5(2)+-6(1)+vt=0'],[201.445493],[-4.87661],[72.53336],[-4.4564]
['CH3OHvt=0-2'],['Methanol'],['18(1)-18(0)E1vt=0'],[201.996513],[-4.53415],[417.91752],[-4.0883]
['CH3OHvt=0-2'],['Methanol'],['1(1)+-2(0)+vt=0'],[205.79127],[-4.20227],[16.84001],[-3.9738]
['CH3OHvt=0-2'],['Methanol'],['12(5)-13(4)E1vt=0'],[206.001302],[-4.98311],[317.0578],[-4.5699]
['CH3OHvt=0-2'],['Methanol'],['19(1)-19(0)E1vt=0'],[209.518804],[-4.5045],[461.98976],[-4.1152]
['CH3OHvt=0-2'],['Methanol'],['13(6)-14(5)E1vt=0'],[213.377528],[-4.97224],[389.91567],[-4.6461]
['CH3OHvt=0-2'],['Methanol'],['1(1)-0(0)E1vt=0'],[213.427061],[-4.47234],[23.36727],[-4.5699]
['CH3OHvt=0-2'],['Methanol'],['6(1)+-7(2)+vt=1'],[215.302206],[-4.37928],[373.82765],[-4.3511]
['CH3OHvt=0-2'],['Methanol'],['5(1)-4(2)E1vt=0'],[216.945521],[-4.91588],[55.87102],[-4.5032]
['CH3OHvt=0-2'],['Methanol'],['6(1)--7(2)-vt=1'],[217.299205],[-4.3673],[373.92493],[-4.3432]
['CH3OHvt=0-2'],['Methanol'],['4(2)-3(1)E1vt=0'],[218.440063],[-4.32917],[45.45988],[-3.9915]
['CH3OHvt=0-2'],['Methanol'],['8(0)-7(1)E1vt=0'],[220.078561],[-4.59933],[96.61336],[-4.0627]
['CH3OHvt=0-2'],['Methanol'],['10(-5)-11(-4)E2vt=0'],[220.401317],[-4.95135],[251.64322],[-4.548]
['CH3OHvt=0-2'],['Methanol'],['16(1)+-15(2)+vt=0'],[227.814528],[-4.5886],[327.23797],[-4.1125]
['CH3OHvt=0-2'],['Methanol'],['15(4)-16(3)E1vt=0'],[229.589056],[-4.68111],[374.43849],[-4.3038]
['CH3OHvt=0-2'],['Methanol'],['8(-1)-7(0)E2vt=0'],[229.758756],[-4.37755],[89.10284],[-3.8484]
['CH3OHvt=0-2'],['Methanol'],['3(-2)-4(-1)E2vt=0'],[230.027047],[-4.82803],[39.82782],[-4.6134]
['CH3OHvt=0-2'],['Methanol'],['10(2)--9(3)-vt=0'],[231.28111],[-4.73613],[165.34719],[-4.2284]
['CH3OHvt=0-2'],['Methanol'],['10(2)+-9(3)+vt=0'],[232.418521],[-4.72976],[165.40178],[-4.2242]
['CH3OHvt=0-2'],['Methanol'],['18(3)+-17(4)+vt=0'],[232.783446],[-4.6641],[446.53167],[-4.3202]
['CH3OHvt=0-2'],['Methanol'],['10(-3)-11(-2)E2vt=0'],[232.945797],[-4.67225],[190.36958],[-4.2038]
['CH3OHvt=0-2'],['Methanol'],['18(3)--17(4)-vt=0'],[233.795666],[-4.65838],[446.58024],[-4.3164]
['CH3OHvt=0-2'],['Methanol'],['4(2)--5(1)-vt=0'],[234.68337],[-4.734],[60.9235],[-4.4493]
['CH3OHvt=0-2'],['Methanol'],['5(-4)-6(-3)E2vt=0'],[234.698519],[-5.19796],[122.72078],[-4.9156]
['CH3OHvt=0-2'],['Methanol'],['14(1)--13(2)-vt=0'],[236.936089],[-4.5548],[260.20324],[-4.0545]
['CH3OHvt=0-2'],['Methanol'],['5(1)+-4(1)+vt=0'],[239.746219],[-4.24683],[49.05924],[-3.8669]
['CH3OHvt=0-2'],['Methanol'],['5(3)-6(2)E1vt=0'],[240.24149],[-4.8417],[82.5315],[-4.5111]
['CH3OHvt=0-2'],['Methanol'],['5(1)+-4(1)+vt=1'],[240.960557],[-4.23952],[359.95198],[-4.3118]
['CH3OHvt=0-2' 'CH3OHvt=0-2'],['Methanol' 'Methanol'],['5(4)-4(4)E1vt=1' '5(3)-4(3)E1vt=1'],[241.159199 241.16658 ],[-4.66773 -4.4134 ],[398.10902 452.13946],[-4.7956 -4.6195]
"['CH3OHvt=0-2' 'CH3OHvt=0-2' 'CH3OHvt=0-2' 'CH3OHvt=0-2' 'CH3OHvt=0-2'
 'CH3OHvt=0-2' 'CH3OHvt=0-2' 'CH3OHvt=0-2' 'CH3OHvt=0-2' 'CH3OHvt=0-2']","['Methanol' 'Methanol' 'Methanol' 'Methanol' 'Methanol' 'Methanol'
 'Methanol' 'Methanol' 'Methanol' 'Methanol']","['5(-3)-4(-3)E2vt=1' '5(-4)-4(-4)E2vt=1' '5(-2)-4(-2)E2vt=1'
 '5(2)+-4(2)+vt=1' '5(2)--4(2)-vt=1' '5(3)+-4(3)+vt=1' '5(3)--4(3)-vt=1'
 '5(1)-4(1)E1vt=1' '5(0)-4(0)E1vt=1' '5(2)-4(2)E1vt=1']","[241.179886 241.184189 241.187428 241.192856 241.19643  241.198285
 241.198291 241.203706 241.206035 241.210764]","[-4.41709 -4.66616 -4.295   -4.29844 -4.29843 -4.41648 -4.41648 -4.23994
 -4.22146 -4.29708]","[357.35689 440.12658 399.33765 333.40202 333.40219 430.84001 430.84001
 326.20294 335.30614 434.62313]","[-4.486  -4.8549 -4.4247 -4.3327 -4.3327 -4.5918 -4.5918 -4.2638 -4.2585
 -4.4779]"
['CH3OHvt=0-2'],['Methanol'],['5(-1)-4(-1)E2vt=1'],[241.238144],[-4.24021],[448.10858],[-4.4406]
['CH3OHvt=0-2'],['Methanol'],['5(0)+-4(0)+vt=1'],[241.267862],[-4.18011],[458.38426],[-4.0944]
['CH3OHvt=0-2'],['Methanol'],['5(1)--4(1)-vt=1'],[241.44127],[-4.23697],[360.02109],[-4.3102]
['CH3OHvt=0-2'],['Methanol'],['5(0)-4(0)E1vt=0'],[241.700159],[-4.2192],[47.93438],[-3.8411]
['CH3OHvt=0-2'],['Methanol'],['5(-1)-4(-1)E2vt=0'],[241.767234],[-4.23611],[40.39125],[-3.8472]
['CH3OHvt=0-2'],['Methanol'],['5(0)+-4(0)+vt=0'],[241.791352],[-4.21843],[34.81718],[-3.8215]
['CH3OHvt=0-2' 'CH3OHvt=0-2' 'CH3OHvt=0-2'],['Methanol' 'Methanol' 'Methanol'],['5(4)--4(4)-vt=0' '5(4)+-4(4)+vt=0' '5(-4)-4(-4)E2vt=0'],[241.806524 241.806525 241.813255],[-4.6615  -4.6615  -4.66204],[115.16019 115.16019 122.72124],[-4.3809 -4.3809 -4.3924]
['CH3OHvt=0-2' 'CH3OHvt=0-2' 'CH3OHvt=0-2'],['Methanol' 'Methanol' 'Methanol'],['5(4)-4(4)E1vt=0' '5(3)+-4(3)+vt=0' '5(3)--4(3)-vt=0'],[241.829629 241.832718 241.833106],[-4.65959 -4.41267 -4.41266],[130.81654  84.61783  84.61785],[-4.4017 -4.0879 -4.0879]
['CH3OHvt=0-2' 'CH3OHvt=0-2'],['Methanol' 'Methanol'],['5(2)--4(2)-vt=0' '5(3)-4(3)E1vt=0'],[241.842284 241.843604],[-4.29115 -4.41137],[72.52975 82.5307 ],[-3.9489 -4.0836]
['CH3OHvt=0-2'],['Methanol'],['5(-3)-4(-3)E2vt=0'],[241.852299],[-4.40954],[97.53028],[-4.1035]
['CH3OHvt=0-2'],['Methanol'],['5(1)-4(1)E1vt=0'],[241.879025],[-4.2247],[55.87058],[-3.8584]
['CH3OHvt=0-2'],['Methanol'],['5(2)+-4(2)+vt=0'],[241.887674],[-4.29086],[72.53337],[-3.9487]
['CH3OHvt=0-2' 'CH3OHvt=0-2'],['Methanol' 'Methanol'],['5(-2)-4(-2)E2vt=0' '5(2)-4(2)E1vt=0'],[241.904147 241.904643],[-4.29303 -4.29832],[60.72475 57.06886],[-3.9338 -3.9338]
['CH3OHvt=0-2'],['Methanol'],['14(-1)-13(-2)E2vt=0'],[242.446084],[-4.64012],[248.93163],[-4.1333]
['CH3OHvt=0-2'],['Methanol'],['5(1)--4(1)-vt=0'],[243.915788],[-4.22432],[49.65932],[-3.8526]
['CH3OHvt=0-2'],['Methanol'],['9(1)-8(0)E1vt=1'],[244.337983],[-4.39198],[395.64446],[-4.2845]
['CH3OHvt=0-2'],['Methanol'],['19(3)--19(2)+vt=0'],[246.873301],[-4.09436],[490.64861],[-3.8165]
['CH3OHvt=0-2'],['Methanol'],['16(2)-15(3)E1vt=0'],[247.16195],[-4.5897],[338.1386],[-4.1641]
['CH3OHvt=0-2'],['Methanol'],['4(2)+-5(1)+vt=0'],[247.228587],[-4.66612],[60.92417],[-4.4036]
['CH3OHvt=0-2'],['Methanol'],['18(3)--18(2)+vt=0'],[247.610918],[-4.09123],[446.58],[-3.7737]
['CH3OHvt=0-2'],['Methanol'],['17(3)--17(2)+vt=0'],[248.282424],[-4.08858],[404.8275],[-3.7359]
['CH3OHvt=0-2'],['Methanol'],['16(3)--16(2)+vt=0'],[248.885468],[-4.08639],[365.39246],[-3.7032]
['CH3OHvt=0-2'],['Methanol'],['16(-3)-15(-4)E2vt=0'],[249.192836],[-4.59561],[378.27556],[-4.2316]
['CH3OHvt=0-2'],['Methanol'],['15(3)--15(2)+vt=0'],[249.419924],[-4.08475],[328.27486],[-3.6759]
['CH3OHvt=0-2'],['Methanol'],['7(4)--8(3)-vt=0'],[249.443301],[-4.82848],[145.33223],[-4.4701]
['CH3OHvt=0-2'],['Methanol'],['7(4)+-8(3)+vt=0'],[249.451842],[-4.82847],[145.3312],[-4.4701]
['CH3OHvt=0-2'],['Methanol'],['14(3)--14(2)+vt=0'],[249.887467],[-4.08377],[293.47478],[-3.6543]
['CH3OHvt=0-2'],['Methanol'],['13(3)--13(2)+vt=0'],[250.291181],[-4.08347],[260.99237],[-3.6387]
['CH3OHvt=0-2'],['Methanol'],['11(0)+-10(1)+vt=0'],[250.506853],[-4.37386],[153.09795],[-3.8429]
['CH3OHvt=0-2'],['Methanol'],['12(3)--12(2)+vt=0'],[250.6352],[-4.08403],[230.82783],[-3.6296]
['CH3OHvt=0-2'],['Methanol'],['11(3)--11(2)+vt=0'],[250.924398],[-4.08554],[202.98139],[-3.6275]
['CH3OHvt=0-2'],['Methanol'],['10(3)--10(2)+vt=0'],[251.164108],[-4.08828],[177.45475],[-3.6332]
['CH3OHvt=0-2'],['Methanol'],['9(3)--9(2)+vt=0'],[251.359888],[-4.09278],[154.24818],[-3.6479]
['CH3OHvt=0-2'],['Methanol'],['8(3)--8(2)+vt=0'],[251.517309],[-4.09965],[133.36049],[-3.6731]
['CH3OHvt=0-2'],['Methanol'],['7(3)--7(2)+vt=0'],[251.641787],[-4.11036],[114.79197],[-3.7115]
['CH3OHvt=0-2'],['Methanol'],['6(3)--6(2)+vt=0'],[251.738437],[-4.12747],[98.54571],[-3.7674]
['CH3OHvt=0-2'],['Methanol'],['5(3)--5(2)+vt=0'],[251.811956],[-4.15705],[84.61764],[-3.8495]
['CH3OHvt=0-2'],['Methanol'],['4(3)--4(2)+vt=0'],[251.866524],[-4.21461],[73.01228],[-3.9775]
['CH3OHvt=0-2' 'CH3OHvt=0-2' 'CH3OHvt=0-2' 'CH3OHvt=0-2'],['Methanol' 'Methanol' 'Methanol' 'Methanol'],['5(3)+-5(2)-vt=0' '6(3)+-6(2)-vt=0' '4(3)+-4(2)-vt=0' '3(3)--3(2)+vt=0'],[251.890886 251.895728 251.900452 251.905729],[-4.15662 -4.1267  -4.21445 -4.36054],[84.61855 98.54463 73.01247 63.72691],[-3.8492 -3.7669 -3.9774 -4.2192]
['CH3OHvt=0-2' 'CH3OHvt=0-2'],['Methanol' 'Methanol'],['3(3)+-3(2)-vt=0' '7(3)+-7(2)-vt=0'],[251.917065 251.923701],[-4.36052 -4.10888],[ 63.72745 114.79255],[-4.2192 -3.7105]
['CH3OHvt=0-2'],['Methanol'],['8(3)+-8(2)-vt=0'],[251.984837],[-4.09726],[133.35991],[-3.6715]
['CH3OHvt=0-2'],['Methanol'],['9(3)+-9(2)-vt=0'],[252.090409],[-4.08904],[154.24727],[-3.6454]
['CH3OHvt=0-2'],['Methanol'],['10(3)+-10(2)-vt=0'],[252.252849],[-4.08274],[177.45377],[-3.6295]
['CH3OHvt=0-2'],['Methanol'],['11(3)+-11(2)-vt=0'],[252.485675],[-4.0775],[202.98007],[-3.6221]
['CH3OHvt=0-2'],['Methanol'],['12(3)+-12(2)-vt=0'],[252.803388],[-4.07277],[230.82398],[-3.622]
['CH3OHvt=0-2'],['Methanol'],['13(3)+-13(2)-vt=0'],[253.221376],[-4.06833],[260.9848],[-3.6285]
['CH3OHvt=0-2'],['Methanol'],['14(3)+-14(2)-vt=0'],[253.755809],[-4.06375],[293.46332],[-3.6408]
['CH3OHvt=0-2'],['Methanol'],['2(0)-1(-1)E2vt=0'],[254.015377],[-4.72074],[20.08959],[-4.6659]
['CH3OHvt=0-2' 'CH3OHvt=0-2'],['Methanol' 'Methanol'],['11(5)-12(4)E1vt=0' '15(3)+-15(2)-vt=0'],[254.419419 254.42352 ],[-4.74731 -4.05893],[289.22346 328.25889],[-4.42   -3.6585]
['CH3OHvt=0-2'],['Methanol'],['16(3)+-16(2)-vt=0'],[255.241888],[-4.05349],[365.36948],[-3.681]
['CH3OHvt=0-2'],['Methanol'],['17(3)+-17(2)-vt=0'],[256.228714],[-4.04753],[404.79306],[-3.7082]
['CH3OHvt=0-2'],['Methanol'],['18(3)+-18(2)-vt=0'],[257.402086],[-4.0407],[446.53194],[-3.7396]
['CH3OHvt=0-2'],['Methanol'],['19(3)+-19(2)-vt=0'],[258.780248],[-4.03302],[490.58268],[-3.7751]
['CH3OHvt=0-2'],['Methanol'],['12(6)-13(5)E1vt=0'],[261.704409],[-4.75009],[359.76917],[-4.5007]
['CH3OHvt=0-2'],['Methanol'],['2(1)-1(0)E1vt=0'],[261.805675],[-4.25392],[28.01124],[-4.2234]
['CH3OHvt=0-2'],['Methanol'],['5(1)+-6(2)+vt=1'],[263.793875],[-4.0856],[359.95145],[-4.1964]
['CH3OHvt=0-2'],['Methanol'],['5(1)--6(2)-vt=1'],[265.224426],[-4.0786],[360.02011],[-4.1918]
['CH3OHvt=0-2'],['Methanol'],['6(1)-5(2)E1vt=0'],[265.289562],[-4.58768],[69.80058],[-4.2083]
['CH3OHvt=0-2'],['Methanol'],['5(2)-4(1)E1vt=0'],[266.838148],[-4.11149],[57.06842],[-3.7887]
['CH3OHvt=0-2' 'CH3OHvt=0-2'],['Methanol' 'Methanol'],['9(0)-8(1)E1vt=0' '17(1)+-16(2)+vt=0'],[267.403471 267.406071],[-4.33063 -4.37243],[117.45621 366.2813 ],[-3.8588 -3.9955]
['CH3OHvt=0-2'],['Methanol'],['9(-5)-10(-4)E2vt=0'],[268.743954],[-4.75374],[228.44241],[-4.4447]
['CH3OHvt=0-2'],['Methanol'],['9(-1)-8(0)E2vt=0'],[278.304512],[-4.1143],[109.96975],[-3.6486]
['CH3OHvt=0-2'],['Methanol'],['2(-2)-3(-1)E2vt=0'],[278.342261],[-4.78188],[32.86363],[-4.7844]
['CH3OHvt=0-2'],['Methanol'],['14(4)-15(3)E1vt=0'],[278.599037],[-4.4435],[339.64733],[-4.1271]
['CH3OHvt=0-2'],['Methanol'],['11(2)--10(3)-vt=0'],[279.351887],[-4.46097],[190.86155],[-4.031]
['CH3OHvt=0-2'],['Methanol'],['19(3)+-18(4)+vt=0'],[280.679621],[-4.4118],[490.58337],[-4.1884]
['CH3OHvt=0-2'],['Methanol'],['11(2)+-10(3)+vt=0'],[281.000109],[-4.45326],[190.93921],[-4.0259]
['CH3OHvt=0-2'],['Methanol'],['9(-3)-10(-2)E2vt=0'],[281.956472],[-4.44657],[167.16198],[-4.0692]
['CH3OHvt=0-2'],['Methanol'],['19(3)--18(4)-vt=0'],[282.072821],[-4.40541],[490.6488],[-4.1842]
['CH3OHvt=0-2'],['Methanol'],['3(2)--4(1)-vt=0'],[285.111111],[-4.57623],[51.63638],[-4.47]
['CH3OHvt=0-2'],['Methanol'],['15(-1)-14(-2)E2vt=0'],[287.233894],[-4.4401],[283.63179],[-4.0266]
['CH3OHvt=0-2'],['Methanol'],['6(1)+-5(1)+vt=0'],[287.670767],[-3.99723],[62.86507],[-3.6422]
['CH3OHvt=0-2'],['Methanol'],['4(3)-5(2)E1vt=0'],[288.705624],[-4.73444],[70.92436],[-4.5523]
['CH3OHvt=0-2'],['Methanol'],['6(1)+-5(1)+vt=1'],[289.134085],[-3.98991],[373.82731],[-4.0872]
['CH3OHvt=0-2'],['Methanol'],['6(5)+-5(5)+vt=1'],[289.343261],[-4.49663],[469.16153],[-4.4312]
['CH3OHvt=0-2'],['Methanol'],['6(3)-5(3)E1vt=1'],[289.355054],[-4.10062],[466.02702],[-4.3317]
['CH3OHvt=0-2'],['Methanol'],['6(4)-5(4)E1vt=1'],[289.374852],[-4.2352],[411.99789],[-4.3881]
['CH3OHvt=0-2' 'CH3OHvt=0-2'],['Methanol' 'Methanol'],['6(-3)-5(-3)E2vt=1' '6(-2)-5(-2)E2vt=1'],[289.399684 289.402473],[-4.10406 -4.02638],[371.24596 413.22792],[-4.198  -4.1811]
"['CH3OHvt=0-2' 'CH3OHvt=0-2' 'CH3OHvt=0-2' 'CH3OHvt=0-2' 'CH3OHvt=0-2'
 'CH3OHvt=0-2' 'CH3OHvt=0-2' 'CH3OHvt=0-2']","['Methanol' 'Methanol' 'Methanol' 'Methanol' 'Methanol' 'Methanol'
 'Methanol' 'Methanol']","['6(2)+-5(2)+vt=1' '6(-4)-5(-4)E2vt=1' '6(2)--5(2)-vt=1' '6(5)-5(5)E1vt=1'
 '6(1)-5(1)E1vt=1' '6(3)+-5(3)+vt=1' '6(3)--5(3)-vt=1' '6(0)-5(0)E1vt=1']","[289.414044 289.416386 289.420297 289.423543 289.427667 289.429145
 289.429161 289.429745]",[-4.02982 -4.23351 -4.02981 -4.49176 -3.99032 -4.10354 -4.10354 -3.97734],"[347.29115 454.01624 347.29145 477.74188 340.0922  444.7296  444.7296
 349.19683]",[-4.0891 -4.4473 -4.0891 -4.7399 -4.0392 -4.3039 -4.3039 -4.0394]
['CH3OHvt=0-2'],['Methanol'],['6(2)-5(2)E1vt=1'],[289.443557],[-4.02844],[448.51426],[-4.2343]
['CH3OHvt=0-2'],['Methanol'],['6(-1)-5(-1)E2vt=1'],[289.475625],[-3.99057],[461.99994],[-4.216]
['CH3OHvt=0-2'],['Methanol'],['6(0)+-5(0)+vt=1'],[289.511152],[-3.91044],[472.27877],[-4.1508]
['CH3OHvt=0-2'],['Methanol'],['6(1)--5(1)-vt=1'],[289.710532],[-3.98733],[373.92404],[-4.0856]
['CH3OHvt=0-2'],['Methanol'],['6(0)-5(0)E1vt=0'],[289.939377],[-3.97557],[61.84883],[-3.6224]
['CH3OHvt=0-2'],['Methanol'],['6(-1)-5(-1)E2vt=0'],[290.069747],[-3.98669],[54.31306],[-3.6228]
['CH3OHvt=0-2' 'CH3OHvt=0-2'],['Methanol' 'Methanol'],['6(0)+-5(0)+vt=0' '6(-5)-5(-5)E2vt=0'],[290.110637 290.117786],[-3.9745  -4.48885],[ 48.7398  172.75481],[-3.6026 -4.2965]
['CH3OHvt=0-2' 'CH3OHvt=0-2'],['Methanol' 'Methanol'],['6(5)-5(5)E1vt=0' '6(5)+-5(5)+vt=0'],[290.138889 290.145085],[-4.48857 -4.48685],[184.81414 186.63879],[-4.3137 -4.0136]
['CH3OHvt=0-2' 'CH3OHvt=0-2' 'CH3OHvt=0-2'],['Methanol' 'Methanol' 'Methanol'],['6(4)--5(4)-vt=0' '6(4)+-5(4)+vt=0' '6(-4)-5(-4)E2vt=0'],[290.161348 290.161352 290.162356],[-4.22891 -4.22891 -4.22956],[129.08595 129.08595 136.64673],[-3.9734 -3.9734 -3.985 ]
['CH3OHvt=0-2' 'CH3OHvt=0-2' 'CH3OHvt=0-2' 'CH3OHvt=0-2'],['Methanol' 'Methanol' 'Methanol' 'Methanol'],['6(4)-5(4)E1vt=0' '6(2)--5(2)-vt=0' '6(3)+-5(3)+vt=0' '6(3)--5(3)-vt=0'],[290.183289 290.184674 290.189515 290.190549],[-4.22701 -4.02249 -4.09968 -4.09968],[144.74368  86.45636  98.54512  98.54517],[-3.9942 -3.7053 -3.8    -3.8   ]
['CH3OHvt=0-2' 'CH3OHvt=0-2'],['Methanol' 'Methanol'],['6(-3)-5(-3)E2vt=0' '6(3)-5(3)E1vt=0'],[290.209695 290.21318 ],[-4.09646 -4.09837],[111.4576  96.4586],[-3.8155 -3.7957]
['CH3OHvt=0-2'],['Methanol'],['6(1)-5(1)E1vt=0'],[290.248685],[-3.9752],[69.80136],[-3.634]
['CH3OHvt=0-2'],['Methanol'],['6(2)+-5(2)+vt=0'],[290.264068],[-4.02216],[86.46304],[-3.7051]
['CH3OHvt=0-2' 'CH3OHvt=0-2'],['Methanol' 'Methanol'],['6(-2)-5(-2)E2vt=0' '6(2)-5(2)E1vt=0'],[290.307281 290.307738],[-4.02419 -4.02938],[74.65714 71.00125],[-3.6901 -3.69  ]
['CH3OHvt=0-2'],['Methanol'],['15(1)--14(2)-vt=0'],[291.240568],[-4.27679],[295.26229],[-3.886]
['CH3OHvt=0-2'],['Methanol'],['10(1)-9(0)E1vt=1'],[292.517493],[-4.15737],[418.78719],[-4.1164]
['CH3OHvt=0-2'],['Methanol'],['6(1)--5(1)-vt=0'],[292.672889],[-3.9748],[63.70654],[-3.6283]
['CH3OHvt=0-2'],['Methanol'],['3(2)+-4(1)+vt=0'],[293.464055],[-4.53858],[51.63727],[-4.4446]
['CH3OHvt=0-2'],['Methanol'],['17(2)-16(3)E1vt=0'],[295.761634],[-4.35844],[377.61425],[-4.0407]
['CH3OHvt=0-2'],['Methanol'],['17(-3)-16(-4)E2vt=0'],[297.55915],[-4.34795],[417.69541],[-4.0908]
['CH3OHvt=0-2' 'CH3OHvt=0-2'],['Methanol' 'Methanol'],['6(4)--7(3)-vt=0' '6(4)+-7(3)+vt=0'],[297.820915 297.824796],[-4.69796 -4.69796],[129.08523 129.08541],[-4.4535 -4.4535]
['CH3OHvt=0-2'],['Methanol'],['3(0)-2(-1)E2vt=0'],[302.369773],[-4.3315],[27.05312],[-4.2146]
['CH3OHvt=0-2'],['Methanol'],['10(5)-11(4)E1vt=0'],[302.83074],[-4.56889],[263.70521],[-4.3181]
['CH3OHvt=0-2'],['Methanol'],['12(0)+-11(1)+vt=0'],[302.912979],[-4.11615],[180.90658],[-3.6699]
['CH3OHvt=0-2'],['Methanol'],['1(1)--1(0)+vt=0'],[303.366921],[-3.64525],[16.88141],[-3.883]
['CH3OHvt=0-2'],['Methanol'],['2(1)--2(0)+vt=0'],[304.208348],[-3.67455],[21.56326],[-3.6984]
['CH3OHvt=0-2'],['Methanol'],['3(1)--3(0)+vt=0'],[305.473491],[-3.78715],[28.58905],[-3.6768]
['CH3OHvt=0-2'],['Methanol'],['18(1)+-17(2)+vt=0'],[306.291135],[-4.18863],[407.61147],[-3.905]
['CH3OHvt=0-2'],['Methanol'],['4(1)--4(0)+vt=0'],[307.165924],[-3.7817],[37.95465],[-3.5781]
['CH3OHvt=0-2'],['Methanol'],['5(1)--5(0)+vt=0'],[309.29036],[-3.77488],[49.66027],[-3.504]
['CH3OHvt=0-2'],['Methanol'],['11(6)-12(5)E1vt=0'],[310.051291],[-4.58344],[331.9386],[-4.4019]
['CH3OHvt=0-2'],['Methanol'],['3(1)-2(0)E1vt=0'],[310.192994],[-4.05551],[34.97636],[-3.9609]
['CH3OHvt=0-2'],['Methanol'],['6(1)--6(0)+vt=0'],[311.852612],[-3.7666],[63.70621],[-3.447]
['CH3OHvt=0-2'],['Methanol'],['4(1)+-5(2)+vt=1'],[312.247362],[-3.82555],[348.38697],[-4.0783]
['CH3OHvt=0-2'],['Methanol'],['4(1)--5(2)-vt=1'],[313.203453],[-3.82159],[348.43285],[-4.0757]
['CH3OHvt=0-2'],['Methanol'],['7(1)-6(2)E1vt=0'],[313.59676],[-4.32744],[86.05198],[-3.9804]
['CH3OHvt=0-2'],['Methanol'],['10(0)-9(1)E1vt=0'],[314.35107],[-4.10778],[140.60312],[-3.6946]
['CH3OHvt=0-2'],['Methanol'],['7(1)--7(0)+vt=0'],[314.859528],[-3.75717],[80.09134],[-3.4032]
['CH3OHvt=0-2'],['Methanol'],['6(2)-5(1)E1vt=0'],[315.266861],[-3.92703],[71.00204],[-3.6226]
['CH3OHvt=0-2'],['Methanol'],['8(-5)-9(-4)E2vt=0'],[317.103038],[-4.61979],[207.56025],[-4.399]
['CH3OHvt=0-2'],['Methanol'],['8(1)--8(0)+vt=0'],[318.318919],[-3.7464],[98.8146],[-3.3698]
['CH3OHvt=0-2'],['Methanol'],['9(1)--9(0)+vt=0'],[322.239462],[-3.73433],[119.87641],[-3.3451]
['CH3OHvt=0-2'],['Methanol'],['10(1)--10(0)+vt=0'],[326.630583],[-3.7211],[143.27434],[-3.328]
['CH3OHvt=0-2'],['Methanol'],['10(-1)-9(0)E2vt=0'],[326.961232],[-3.88894],[133.14833],[-3.4816]
['CH3OHvt=0-2'],['Methanol'],['12(2)--11(3)-vt=0'],[327.317253],[-4.23066],[218.69014],[-3.8719]
['CH3OHvt=0-2'],['Methanol'],['17(5)+-18(4)+vt=0'],[327.407873],[-4.24932],[492.82596],[-4.1414]
['CH3OHvt=0-2'],['Methanol'],['17(5)--18(4)-vt=0'],[327.440644],[-4.24918],[492.8261],[-4.1413]
['CH3OHvt=0-2'],['Methanol'],['13(4)-14(3)E1vt=0'],[327.486835],[-4.25018],[307.17104],[-3.9863]
['CH3OHvt=0-2'],['Methanol'],['12(2)+-11(3)+vt=0'],[329.632881],[-4.22152],[218.79984],[-3.8659]
['CH3OHvt=0-2'],['Methanol'],['8(-3)-9(-2)E2vt=0'],[330.793887],[-4.26854],[146.27399],[-3.9769]
['CH3OHvt=0-2'],['Methanol'],['16(-1)-15(-2)E2vt=0'],[331.220371],[-4.28075],[320.62718],[-3.954]
['CH3OHvt=0-2'],['Methanol'],['11(1)--11(0)+vt=0'],[331.502319],[-3.7067],[169.00745],[-3.3176]
['CH3OHvt=0-2'],['Methanol'],['3(0)-2(1)E1vt=1'],[334.426571],[-4.25538],[314.46918],[-4.5972]
['CH3OHvt=0-2'],['Methanol'],['2(2)--3(1)-vt=0'],[335.13357],[-4.57253],[44.67212],[-4.6708]
['CH3OHvt=0-2'],['Methanol'],['7(1)+-6(1)+vt=0'],[335.582017],[-3.78844],[78.97086],[-3.4598]
['CH3OHvt=0-2'],['Methanol'],['14(7)+-15(6)+vt=0'],[336.438224],[-4.44195],[488.2179],[-4.1195]
['CH3OHvt=0-2'],['Methanol'],['12(1)--12(0)+vt=0'],[336.865149],[-3.6912],[197.07334],[-3.3133]
['CH3OHvt=0-2'],['Methanol'],['3(3)-4(2)E1vt=0'],[337.135853],[-4.80138],[61.63921],[-4.7806]
['CH3OHvt=0-2'],['Methanol'],['7(1)+-6(1)+vt=1'],[337.297484],[-3.7811],[390.0157],[-3.9049]
['CH3OHvt=0-2'],['Methanol'],['7(3)-6(3)E1vt=1'],[337.519138],[-3.85854],[482.22407],[-4.1161]
['CH3OHvt=0-2'],['Methanol'],['7(5)+-6(5)+vt=1'],[337.546116],[-4.08619],[485.36188],[-4.0473]
['CH3OHvt=0-2'],['Methanol'],['7(4)-6(4)E1vt=1'],[337.58168],[-3.94607],[428.19843],[-4.1255]
['CH3OHvt=0-2' 'CH3OHvt=0-2'],['Methanol' 'Methanol'],['7(-2)-6(-2)E2vt=1' '7(-3)-6(-3)E2vt=1'],[337.605288 337.610661],[-3.80676 -3.86172],[429.42971 387.44814],[-3.988  -3.9822]
"['CH3OHvt=0-2' 'CH3OHvt=0-2' 'CH3OHvt=0-2' 'CH3OHvt=0-2' 'CH3OHvt=0-2'
 'CH3OHvt=0-2' 'CH3OHvt=0-2']","['Methanol' 'Methanol' 'Methanol' 'Methanol' 'Methanol' 'Methanol'
 'Methanol']","['7(2)+-6(2)+vt=1' '7(2)--6(2)-vt=1' '7(1)-6(1)E1vt=1' '7(0)-6(0)E1vt=1'
 '7(-4)-6(-4)E2vt=1' '7(3)+-6(3)+vt=1' '7(3)--6(3)-vt=1']","[337.625753 337.635754 337.642478 337.643915 337.646042 337.655199
 337.655236]",[-3.81008 -3.81007 -3.78148 -3.7718  -3.94435 -3.86109 -3.86109],[363.49481 363.49529 356.29745 365.40061 470.22076 460.93395 460.93395],[-3.8959 -3.8959 -3.8569 -3.8604 -4.1847 -4.088  -4.088 ]
['CH3OHvt=0-2'],['Methanol'],['7(2)-6(2)E1vt=1'],[337.671238],[-3.80869],[464.72012],[-4.0411]
['CH3OHvt=0-2'],['Methanol'],['7(5)-6(5)E1vt=1'],[337.685248],[-4.08106],[493.94794],[-4.3558]
['CH3OHvt=0-2'],['Methanol'],['7(-1)-6(-1)E2vt=1'],[337.707568],[-3.78172],[478.20744],[-4.0337]
['CH3OHvt=0-2'],['Methanol'],['7(0)+-6(0)+vt=1'],[337.74883],[-3.71378],[488.48799],[-3.9807]
['CH3OHvt=0-2'],['Methanol'],['7(1)--6(1)-vt=1'],[337.969438],[-3.77857],[390.14435],[-3.9034]
['CH3OHvt=0-2'],['Methanol'],['7(0)-6(0)E1vt=0'],[338.124488],[-3.77054],[78.07711],[-3.4438]
['CH3OHvt=0-2'],['Methanol'],['7(-1)-6(-1)E2vt=0'],[338.344588],[-3.77806],[70.54996],[-3.4407]
['CH3OHvt=0-2' 'CH3OHvt=0-2'],['Methanol' 'Methanol'],['7(6)-6(6)E1vt=0' '7(0)+-6(0)+vt=0'],[338.40461  338.408698],[-4.345   -3.76895],[243.78922  64.98069],[-4.2585 -3.4236]
['CH3OHvt=0-2'],['Methanol'],['7(-6)-6(-6)E2vt=0'],[338.430975],[-4.34266],[253.94532],[-4.2709]
['CH3OHvt=0-2'],['Methanol'],['7(6)+-6(6)+vt=0'],[338.442367],[-4.3436],[258.69524],[-3.9777]
['CH3OHvt=0-2'],['Methanol'],['7(-5)-6(-5)E2vt=0'],[338.456536],[-4.07835],[188.99765],[-3.9126]
['CH3OHvt=0-2' 'CH3OHvt=0-2'],['Methanol' 'Methanol'],['7(5)-6(5)E1vt=0' '7(5)+-6(5)+vt=0'],[338.475226 338.486322],[-4.07807 -4.07634],[201.05831 202.8832 ],[-3.9298 -3.6297]
['CH3OHvt=0-2' 'CH3OHvt=0-2' 'CH3OHvt=0-2' 'CH3OHvt=0-2'],['Methanol' 'Methanol' 'Methanol' 'Methanol'],['7(-4)-6(-4)E2vt=0' '7(4)--6(4)-vt=0' '7(4)+-6(4)+vt=0' '7(2)--6(2)-vt=0'],[338.504065 338.512632 338.512644 338.512853],[-3.94036 -3.9397  -3.9397  -3.80281],[152.89259 145.33228 145.33228 102.70157],[-3.7224 -3.7108 -3.7108 -3.5122]
['CH3OHvt=0-2' 'CH3OHvt=0-2' 'CH3OHvt=0-2'],['Methanol' 'Methanol' 'Methanol'],['7(4)-6(4)E1vt=0' '7(3)+-6(3)+vt=0' '7(3)--6(3)-vt=0'],[338.530257 338.540826 338.543152],[-3.93781 -3.85727 -3.85727],[160.9898  114.79289 114.793  ],[-3.7316 -3.5842 -3.5842]
['CH3OHvt=0-2'],['Methanol'],['7(-3)-6(-3)E2vt=0'],[338.559963],[-3.85415],[127.70531],[-3.5998]
['CH3OHvt=0-2'],['Methanol'],['7(3)-6(3)E1vt=0'],[338.583216],[-3.85583],[112.70871],[-3.5798]
['CH3OHvt=0-2'],['Methanol'],['7(1)-6(1)E1vt=0'],[338.614936],[-3.76659],[86.05128],[-3.452]
['CH3OHvt=0-2'],['Methanol'],['7(2)+-6(2)+vt=0'],[338.639802],[-3.80233],[102.7163],[-3.5119]
['CH3OHvt=0-2' 'CH3OHvt=0-2'],['Methanol' 'Methanol'],['7(2)-6(2)E1vt=0' '7(-2)-6(-2)E2vt=0'],[338.721693 338.722898],[-3.80941 -3.80421],[87.25778 90.91231],[-3.4967 -3.4968]
['CH3OHvt=0-2'],['Methanol'],['2(2)+-3(1)+vt=0'],[340.141143],[-4.55317],[44.67217],[-4.6577]
['CH3OHvt=0-2'],['Methanol'],['11(1)-10(0)E1vt=1'],[340.683969],[-3.95812],[444.2414],[-3.979]
['CH3OHvt=0-2'],['Methanol'],['7(1)--6(1)-vt=0'],[341.415615],[-3.76603],[80.09107],[-3.4463]
['CH3OHvt=0-2'],['Methanol'],['13(1)--13(0)+vt=0'],[342.729796],[-3.67463],[227.47254],[-3.3146]
['CH3OHvt=0-2'],['Methanol'],['18(2)-17(3)E1vt=0'],[344.109039],[-4.16713],[419.39854],[-3.9498]
['CH3OHvt=0-2'],['Methanol'],['10(-2)-11(-3)E2vt=1'],[344.312267],[-3.75263],[491.90928],[-3.8865]
['CH3OHvt=0-2'],['Methanol'],['19(1)+-18(2)+vt=0'],[344.443433],[-4.02921],[451.2272],[-3.8355]
['CH3OHvt=0-2'],['Methanol'],['16(1)--15(2)-vt=0'],[345.903916],[-4.04453],[332.64923],[-3.7535]
['CH3OHvt=0-2'],['Methanol'],['18(-3)-17(-4)E2vt=0'],[345.91926],[-4.13696],[459.42995],[-3.9798]
['CH3OHvt=0-2' 'CH3OHvt=0-2'],['Methanol' 'Methanol'],['5(4)--6(3)-vt=0' '5(4)+-6(3)+vt=0'],[346.202719 346.204271],[-4.66229 -4.66229],[115.1606  115.16067],[-4.5339 -4.5339]
['CH3OHvt=0-2'],['Methanol'],['14(1)--14(0)+vt=0'],[349.106997],[-3.657],[260.20269],[-3.3211]
['CH3OHvt=0-2'],['Methanol'],['4(0)-3(-1)E2vt=0'],[350.687662],[-4.06192],[36.33564],[-3.912]
['CH3OHvt=0-2'],['Methanol'],['1(1)+-0(0)+vt=0'],[350.9051],[-3.47946],[16.84069],[-3.7787]
['CH3OHvt=0-2'],['Methanol'],['9(5)-10(4)E1vt=0'],[351.236479],[-4.438],[240.50455],[-4.2598]
['CH3OHvt=0-2'],['Methanol'],['13(0)+-12(1)+vt=0'],[355.602945],[-3.89768],[211.02512],[-3.5294]
['CH3OHvt=0-2'],['Methanol'],['15(1)--15(0)+vt=0'],[356.007235],[-3.63835],[295.26284],[-3.3325]
['CH3OHvt=0-2'],['Methanol'],['10(6)-11(5)E1vt=0'],[358.414648],[-4.46361],[306.42381],[-4.3459]
['CH3OHvt=0-2'],['Methanol'],['4(1)-3(0)E1vt=0'],[358.605799],[-3.87962],[44.26343],[-3.7506]
['CH3OHvt=0-2'],['Methanol'],['3(1)+-4(2)+vt=1'],[360.661633],[-3.57859],[339.13558],[-3.988]
['CH3OHvt=0-2'],['Methanol'],['11(0)-10(1)E1vt=0'],[360.848946],[-3.91828],[166.04775],[-3.5607]
['CH3OHvt=0-2'],['Methanol'],['3(1)--4(2)-vt=1'],[361.236506],[-3.57658],[339.16317],[-3.9867]
['CH3OHvt=0-2'],['Methanol'],['8(1)-7(2)E1vt=0'],[361.852195],[-4.11255],[104.62307],[-3.7985]
['CH3OHvt=0-2'],['Methanol'],['16(1)--16(0)+vt=0'],[363.440442],[-3.61886],[332.64917],[-3.3487]
['CH3OHvt=0-2'],['Methanol'],['7(2)-6(1)E1vt=0'],[363.739868],[-3.76764],[87.25708],[-3.485]
['CH3OHvt=0-2'],['Methanol'],['7(3)-7(2)E1vt=1'],[364.746203],[-4.3746],[482.22436],[-4.6649]
['CH3OHvt=0-2'],['Methanol'],['6(3)-6(2)E1vt=1'],[364.898302],[-4.39312],[466.0268],[-4.7223]
['CH3OHvt=0-2'],['Methanol'],['5(3)-5(2)E1vt=1'],[364.986805],[-4.42407],[452.13974],[-4.8058]
['CH3OHvt=0-2'],['Methanol'],['4(3)-4(2)E1vt=1'],[365.030989],[-4.48303],[440.56553],[-4.9352]
['CH3OHvt=0-2'],['Methanol'],['7(-5)-8(-4)E2vt=0'],[365.474682],[-4.55075],[188.99798],[-4.4174]
['CH3OHvt=0-2'],['Methanol'],['17(2)-17(-1)E2vt=0'],[368.730689],[-5.10953],[377.61423],[-4.885]
['CH3OHvt=0-2'],['Methanol'],['17(1)--17(0)+vt=0'],[371.415658],[-3.59858],[372.36066],[-3.3695]
['CH3OHvt=0-2'],['Methanol'],['18(2)-18(-1)E2vt=0'],[373.005999],[-4.88952],[419.39839],[-4.7062]
['CH3OHvt=0-2'],['Methanol'],['17(-1)-16(-2)E2vt=0'],[374.293551],[-4.15364],[359.91818],[-3.9098]
['CH3OHvt=0-2'],['Methanol'],['13(2)--12(3)-vt=0'],[375.15638],[-4.03308],[248.83198],[-3.7421]
['CH3OHvt=0-2'],['Methanol'],['11(-1)-10(0)E2vt=0'],[375.758332],[-3.69075],[158.63568],[-3.3395]
['CH3OHvt=0-2'],['Methanol'],['16(5)+-17(4)+vt=0'],[376.077852],[-4.08435],[453.40867],[-4.0034]
['CH3OHvt=0-2'],['Methanol'],['16(5)--17(4)-vt=0'],[376.09875],[-4.08422],[453.40968],[-4.0033]
['CH3OHvt=0-2'],['Methanol'],['12(4)-13(3)E1vt=0'],[376.268474],[-4.09002],[277.01327],[-3.8745]
['CH3OHvt=0-2'],['Methanol'],['19(2)-19(-1)E2vt=0'],[377.660799],[-4.69894],[463.4884],[-4.5618]
['CH3OHvt=0-2'],['Methanol'],['13(2)+-12(3)+vt=0'],[378.32597],[-4.02213],[248.97977],[-3.7349]
['CH3OHvt=0-2'],['Methanol'],['7(-3)-8(-2)E2vt=0'],[379.493989],[-4.12972],[127.70591],[-3.9235]
['CH3OHvt=0-2'],['Methanol'],['18(1)--18(0)+vt=0'],[379.940662],[-3.57751],[414.39481],[-3.3947]
['CH3OHvt=0-2'],['Methanol'],['20(1)+-19(2)+vt=0'],[381.837141],[-3.88873],[497.12582],[-3.7832]
['CH3OHvt=0-2'],['Methanol'],['4(0)-3(1)E1vt=1'],[382.666516],[-4.01189],[323.73069],[-4.3148]
['CH3OHvt=0-2'],['Methanol'],['8(1)+-7(1)+vt=0'],[383.477893],[-3.60889],[97.37507],[-3.3088]
['CH3OHvt=0-2'],['Methanol'],['13(7)+-14(6)+vt=0'],[384.813304],[-4.31585],[455.76161],[-4.0341]
['CH3OHvt=0-2'],['Methanol'],['8(1)+-7(1)+vt=1'],[385.449072],[-3.60151],[408.51419],[-3.754]
['CH3OHvt=0-2'],['Methanol'],['8(4)-7(4)E1vt=1'],[385.778216],[-3.72175],[446.71346],[-3.9299]
['CH3OHvt=0-2'],['Methanol'],['8(-2)-7(-2)E2vt=1'],[385.793842],[-3.62036],[447.94436],[-3.8303]
['CH3OHvt=0-2'],['Methanol'],['8(-3)-7(-3)E2vt=1'],[385.811347],[-3.66191],[405.96481],[-3.8111]
['CH3OHvt=0-2'],['Methanol'],['8(2)+-7(2)+vt=1'],[385.826409],[-3.62367],[382.01147],[-3.7382]
['CH3OHvt=0-2' 'CH3OHvt=0-2' 'CH3OHvt=0-2'],['Methanol' 'Methanol' 'Methanol'],['8(2)--7(2)-vt=1' '8(1)-7(1)E1vt=1' '8(0)-7(0)E1vt=1'],[385.841402 385.846618 385.846959],[-3.62355 -3.60186 -3.59428],[382.01363 374.81428 383.91883],[-3.7381 -3.706  -3.7116]
['CH3OHvt=0-2' 'CH3OHvt=0-2' 'CH3OHvt=0-2'],['Methanol' 'Methanol' 'Methanol'],['8(-4)-7(-4)E2vt=1' '8(3)+-7(3)+vt=1' '8(3)--7(3)-vt=1'],[385.872725 385.875642 385.875715],[-3.72001 -3.66125 -3.66125],[488.74012 479.453   479.45301],[-3.9891 -3.9169 -3.9169]
['CH3OHvt=0-2'],['Methanol'],['8(2)-7(2)E1vt=1'],[385.89295],[-3.62215],[483.23923],[-3.8833]
['CH3OHvt=0-2'],['Methanol'],['8(-1)-7(-1)E2vt=1'],[385.933046],[-3.60208],[496.72962],[-3.8828]
['CH3OHvt=0-2'],['Methanol'],['8(1)--7(1)-vt=1'],[386.216264],[-3.59893],[408.68049],[-3.7525]
['CH3OHvt=0-2'],['Methanol'],['8(0)-7(0)E1vt=0'],[386.247658],[-3.59366],[96.61308],[-3.2955]
['CH3OHvt=0-2'],['Methanol'],['8(-1)-7(-1)E2vt=0'],[386.587273],[-3.59867],[89.10318],[-3.29]
['CH3OHvt=0-2'],['Methanol'],['8(7)+-7(7)+vt=0'],[386.663931],[-4.22186],[328.2187],[-3.9584]
['CH3OHvt=0-2' 'CH3OHvt=0-2'],['Methanol' 'Methanol'],['8(0)+-7(0)+vt=0' '8(7)-7(7)E1vt=0'],[386.68204  386.683583],[-3.59162 -4.21909],[ 83.53825 333.34454],[-3.275  -4.2641]
['CH3OHvt=0-2' 'CH3OHvt=0-2'],['Methanol' 'Methanol'],['8(-7)-7(-7)E2vt=0' '8(6)-7(6)E1vt=0'],[386.716256 386.725215],[-4.21909 -3.95022],[343.7484  262.34906],[-4.2792 -3.8925]
['CH3OHvt=0-2' 'CH3OHvt=0-2'],['Methanol' 'Methanol'],['8(-6)-7(-6)E2vt=0' '8(6)+-7(6)+vt=0'],[386.756962 386.764521],[-3.94788 -3.94882],[272.50685 277.25658],[-3.9049 -3.6117]
['CH3OHvt=0-2'],['Methanol'],['8(-5)-7(-5)E2vt=0'],[386.788722],[-3.80586],[207.56091],[-3.6689]
['CH3OHvt=0-2'],['Methanol'],['8(5)-7(5)E1vt=0'],[386.802263],[-3.80569],[219.62276],[-3.6862]
['CH3OHvt=0-2' 'CH3OHvt=0-2' 'CH3OHvt=0-2'],['Methanol' 'Methanol' 'Methanol'],['8(5)+-7(5)+vt=0' '8(2)--7(2)-vt=0' '8(-4)-7(-4)E2vt=0'],[386.820044 386.824462 386.837146],[-3.80385 -3.61645 -3.71607],[221.44797 121.26672 171.45734],[-3.386  -3.3546 -3.5269]
['CH3OHvt=0-2' 'CH3OHvt=0-2' 'CH3OHvt=0-2'],['Methanol' 'Methanol' 'Methanol'],['8(4)--7(4)-vt=0' '8(4)+-7(4)+vt=0' '8(4)-7(4)E1vt=0'],[386.85978  386.859814 386.869416],[-3.71539 -3.71539 -3.71352],[163.8977  163.8977  179.55628],[-3.5153 -3.5153 -3.5361]
['CH3OHvt=0-2' 'CH3OHvt=0-2' 'CH3OHvt=0-2'],['Methanol' 'Methanol' 'Methanol'],['8(3)+-7(3)+vt=0' '8(3)--7(3)-vt=0' '8(-3)-7(-3)E2vt=0'],[386.885598 386.890247 386.901913],[-3.65737 -3.65737 -3.65426],[133.35963 133.35985 146.2748 ],[-3.4131 -3.4131 -3.4287]
['CH3OHvt=0-2'],['Methanol'],['8(3)-7(3)E1vt=0'],[386.953779],[-3.65591],[131.27957],[-3.4087]
['CH3OHvt=0-2'],['Methanol'],['8(1)-7(1)E1vt=0'],[386.977127],[-3.58717],[104.62318],[-3.3014]
['CH3OHvt=0-2'],['Methanol'],['8(2)+-7(2)+vt=0'],[387.014724],[-3.61581],[121.2888],[-3.3542]
['CH3OHvt=0-2' 'CH3OHvt=0-2'],['Methanol' 'Methanol'],['8(2)-7(2)E1vt=0' '8(-2)-7(-2)E2vt=0'],[387.146677 387.153517],[-3.62263 -3.61753],[105.83701 109.49325],[-3.3388 -3.339 ]
['CH3OHvt=0-2'],['Methanol'],['12(1)-11(0)E1vt=1'],[388.836541],[-3.78471],[472.00704],[-3.8653]
['CH3OHvt=0-2' 'CH3OHvt=0-2'],['Methanol' 'Methanol'],['15(6)--16(5)-vt=0' '15(6)+-16(5)+vt=0'],[388.857541 388.857588],[-4.15791 -4.15791],[472.07135 472.07135],[-4.1452 -4.1452]
['CH3OHvt=0-2'],['Methanol'],['19(1)--19(0)+vt=0'],[389.02157],[-3.55572],[458.74903],[-3.4242]
['CH3OHvt=0-2'],['Methanol'],['8(1)--7(1)-vt=0'],[390.141431],[-3.58646],[98.81566],[-3.2957]
['CH3OHvt=0-2'],['Methanol'],['19(2)-18(3)E1vt=0'],[392.116145],[-4.00613],[463.48866],[-3.8848]
['CH3OHvt=0-2'],['Methanol'],['9(-2)-10(-3)E2vt=1'],[392.529199],[-3.56703],[468.7715],[-3.7661]
['CH3OHvt=0-2' 'CH3OHvt=0-2'],['Methanol' 'Methanol'],['4(4)--5(3)-vt=0' '4(4)+-5(3)+vt=0'],[394.586744 394.587261],[-4.80172 -4.80172],[103.55537 103.55539],[-4.7988 -4.7988]
['CH3OHvt=0-2' 'CH3OHvt=0-2'],['Methanol' 'Methanol'],['3(3)+-2(2)+vt=0' '3(3)--2(2)-vt=0'],[397.039126 397.041416],[-3.31413 -3.31413],[63.72709 63.7272 ],[-3.3653 -3.3653]
['CH3OHvt=0-2'],['Methanol'],['2(1)+-1(0)+vt=0'],[398.44695],[-3.51173],[21.4445],[-3.6493]
['CH3OHvt=0-2'],['Methanol'],['5(0)-4(-1)E2vt=0'],[398.946221],[-3.84467],[47.93461],[-3.6787]
['CH3OHvt=0-2'],['Methanol'],['8(5)-9(4)E1vt=0'],[399.637643],[-4.35266],[219.62297],[-4.2469]
['CH3OHvt=0-2'],['Methanol'],['17(1)--16(2)-vt=0'],[400.917159],[-3.84472],[372.36075],[-3.6478]
['CH3OHvt=0-2'],['Methanol'],['9(6)-10(5)E1vt=0'],[406.791137],[-4.39023],[283.2275],[-4.3357]
['CH3OHvt=0-2'],['Methanol'],['12(0)-11(1)E1vt=0'],[406.823984],[-3.75466],[193.78658],[-3.4515]
['CH3OHvt=0-2'],['Methanol'],['5(1)-4(0)E1vt=0'],[407.0695],[-3.72262],[55.87081],[-3.5766]
['CH3OHvt=0-2'],['Methanol'],['14(0)+-13(1)+vt=0'],[408.556855],[-3.70754],[243.44828],[-3.4136]
['CH3OHvt=0-2'],['Methanol'],['2(1)+-3(2)+vt=1'],[409.035548],[-3.32015],[332.1958],[-3.9186]
['CH3OHvt=0-2'],['Methanol'],['2(1)--3(2)-vt=1'],[409.323486],[-3.31923],[332.20961],[-3.918]
['CH3OHvt=0-2'],['Methanol'],['16(-1)-15(2)E2vt=0'],[409.474443],[-5.14179],[320.62758],[-4.9044]
['CH3OHvt=0-2'],['Methanol'],['9(1)-8(2)E1vt=0'],[410.040045],[-3.9299],[125.51597],[-3.6504]
['CH3OHvt=0-2'],['Methanol'],['8(2)-7(1)E1vt=0'],[412.27161],[-3.62741],[105.83712],[-3.37]
['CH3OHvt=0-2'],['Methanol'],['6(-5)-7(-4)E2vt=0'],[413.855292],[-4.56932],[172.754],[-4.5269]
['CH3OHvt=0-2'],['Methanol'],['18(-1)-17(-2)E2vt=0'],[416.339136],[-4.05323],[401.49786],[-3.8902]
['CH3OHvt=0-2'],['Methanol'],['19(2)+-19(1)-vt=0'],[417.813241],[-3.4177],[478.80027],[-3.3452]
['CH3OHvt=0-2'],['Methanol'],['14(2)--13(3)-vt=0'],[422.846379],[-3.86034],[281.28594],[-3.6356]
['CH3OHvt=0-2'],['Methanol'],['18(2)+-18(1)-vt=0'],[423.03066],[-3.40098],[434.6963],[-3.2927]
['CH3OHvt=0-2'],['Methanol'],['2(-2)-2(-1)E2vt=0'],[423.439696],[-3.52845],[32.86353],[-3.7081]
['CH3OHvt=0-2'],['Methanol'],['3(-2)-3(-1)E2vt=0'],[423.468647],[-3.42847],[39.82856],[-3.4721]
['CH3OHvt=0-2'],['Methanol'],['4(-2)-4(-1)E2vt=0'],[423.538272],[-3.3909],[49.11484],[-3.3389]
['CH3OHvt=0-2'],['Methanol'],['5(-2)-5(-1)E2vt=0'],[423.675185],[-3.36991],[60.72508],[-3.2477]
['CH3OHvt=0-2'],['Methanol'],['6(-2)-6(-1)E2vt=0'],[423.912719],[-3.35486],[74.65656],[-3.1805]
['CH3OHvt=0-2'],['Methanol'],['7(-2)-7(-1)E2vt=0'],[424.29103],[-3.3423],[90.91266],[-3.1297]
['CH3OHvt=0-2' 'CH3OHvt=0-2'],['Methanol' 'Methanol'],['15(5)+-16(4)+vt=0' '15(5)--16(4)-vt=0'],[424.690952 424.703912],[-3.94412 -3.9441 ],[416.30651 416.30713],[-3.8877 -3.8877]
['CH3OHvt=0-2'],['Methanol'],['12(-1)-11(0)E2vt=0'],[424.725152],[-3.51304],[186.43033],[-3.2173]
['CH3OHvt=0-2'],['Methanol'],['8(-2)-8(-1)E2vt=0'],[424.857273],[-3.3306],[109.49276],[-3.0911]
['CH3OHvt=0-2'],['Methanol'],['11(4)-12(3)E1vt=0'],[424.959008],[-3.95667],[249.17187],[-3.7882]
['CH3OHvt=0-2'],['Methanol'],['9(-2)-9(-1)E2vt=0'],[425.665874],[-3.31894],[130.39803],[-3.0622]
['CH3OHvt=0-2'],['Methanol'],['10(-2)-10(-1)E2vt=0'],[426.778889],[-3.30718],[153.63001],[-3.0417]
['CH3OHvt=0-2'],['Methanol'],['14(2)+-13(3)+vt=0'],[427.089368],[-3.84727],[281.48238],[-3.627]
['CH3OHvt=0-2'],['Methanol'],['6(-3)-7(-2)E2vt=0'],[428.087543],[-4.02837],[111.45776],[-3.9114]
['CH3OHvt=0-2'],['Methanol'],['17(2)+-17(1)-vt=0'],[428.237464],[-3.3848],[392.91256],[-3.2453]
['CH3OHvt=0-2'],['Methanol'],['11(-2)-11(-1)E2vt=0'],[428.266442],[-3.29493],[179.18919],[-3.0284]
['CH3OHvt=0-2'],['Methanol'],['12(-2)-12(-1)E2vt=0'],[430.207157],[-3.28227],[207.0779],[-3.0218]
['CH3OHvt=0-2'],['Methanol'],['5(0)-4(1)E1vt=1'],[430.900432],[-3.81812],[335.30689],[-4.1005]
['CH3OHvt=0-2'],['Methanol'],['9(1)+-8(1)+vt=0'],[431.35638],[-3.45131],[118.07615],[-3.1823]
['CH3OHvt=0-2'],['Methanol'],['13(-2)-13(-1)E2vt=0'],[432.688457],[-3.26924],[237.29602],[-3.0215]
['CH3OHvt=0-2'],['Methanol'],['12(7)+-13(6)+vt=0'],[433.199791],[-4.22172],[425.62085],[-3.9795]
['CH3OHvt=0-2'],['Methanol'],['16(2)+-16(1)-vt=0'],[433.390553],[-3.36916],[353.44842],[-3.2031]
['CH3OHvt=0-2'],['Methanol'],['9(1)+-8(1)+vt=1'],[433.587172],[-3.44387],[429.32269],[-3.6276]
['CH3OHvt=0-2' 'CH3OHvt=0-2'],['Methanol' 'Methanol'],['9(4)-8(4)E1vt=1' '9(-2)-8(-2)E2vt=1'],[433.962993 433.966111],[-3.53619 -3.4582 ],[467.54003 468.77177],[-3.7756 -3.6994]
['CH3OHvt=0-2' 'CH3OHvt=0-2'],['Methanol' 'Methanol'],['9(-3)-8(-3)E2vt=1' '9(2)+-8(2)+vt=1'],[434.000278 434.014436],[-3.49104 -3.4614 ],[426.79301 402.84107],[-3.6715 -3.6072]
['CH3OHvt=0-2' 'CH3OHvt=0-2' 'CH3OHvt=0-2'],['Methanol' 'Methanol' 'Methanol'],['9(2)--8(2)-vt=1' '9(0)-8(0)E1vt=1' '9(1)-8(1)E1vt=1'],[434.035843 434.037293 434.038566],[-3.46137 -3.43811 -3.44419],[402.84354 404.74854 395.64551],[-3.6072 -3.5867 -3.5796]
['CH3OHvt=0-2'],['Methanol'],['9(0)-8(0)E1vt=0'],[434.302037],[-3.43816],[117.45641],[-3.1711]
['CH3OHvt=0-2'],['Methanol'],['9(1)--8(1)-vt=1'],[434.449289],[-3.44134],[429.52952],[-3.6262]
['CH3OHvt=0-2'],['Methanol'],['9(-1)-8(-1)E2vt=0'],[434.793414],[-3.44122],[109.96962],[-3.1638]
['CH3OHvt=0-2' 'CH3OHvt=0-2'],['Methanol' 'Methanol'],['9(-8)-8(-8)E2vt=0' '9(8)+-8(8)+vt=0'],[434.893027 434.898992],[-4.11402 -4.11108],[425.86325 425.35997],[-4.294  -3.9893]
['CH3OHvt=0-2'],['Methanol'],['9(0)+-8(0)+vt=0'],[434.927199],[-3.43564],[104.41088],[-3.1503]
['CH3OHvt=0-2' 'CH3OHvt=0-2'],['Methanol' 'Methanol'],['9(8)-8(8)E1vt=0' '9(7)+-8(7)+vt=0'],[434.951823 434.964463],[-4.11011 -3.83882],[439.50848 349.09398],[-4.3099 -3.6067]
['CH3OHvt=0-2'],['Methanol'],['9(7)-8(7)E1vt=0'],[434.991339],[-3.83614],[354.22017],[-3.9125]
['CH3OHvt=0-2' 'CH3OHvt=0-2'],['Methanol' 'Methanol'],['9(-7)-8(-7)E2vt=0' '9(6)-8(6)E1vt=0'],[435.022357 435.036653],[-3.83605 -3.69027],[364.62539 283.22774],[-3.9275 -3.6639]
['CH3OHvt=0-2' 'CH3OHvt=0-2'],['Methanol' 'Methanol'],['9(-6)-8(-6)E2vt=0' '9(6)+-8(6)+vt=0'],[435.074428 435.075969],[-3.68793 -3.68888],[293.38726 298.13671],[-3.6763 -3.3831]
['CH3OHvt=0-2' 'CH3OHvt=0-2' 'CH3OHvt=0-2'],['Methanol' 'Methanol' 'Methanol'],['9(-5)-8(-5)E2vt=0' '9(2)--8(2)-vt=0' '9(5)-8(5)E1vt=0'],[435.113406 435.117146 435.118669],[-3.59481 -3.45433 -3.59464],[228.44311 142.14883 240.50456],[-3.4892 -3.2238 -3.5065]
['CH3OHvt=0-2'],['Methanol'],['9(5)+-8(5)+vt=0'],[435.145177],[-3.5929],[242.33163],[-3.2064]
['CH3OHvt=0-2'],['Methanol'],['9(-4)-8(-4)E2vt=0'],[435.160366],[-3.53042],[192.34235],[-3.3726]
['CH3OHvt=0-2' 'CH3OHvt=0-2' 'CH3OHvt=0-2'],['Methanol' 'Methanol' 'Methanol'],['9(4)-8(4)E1vt=0' '9(4)--8(4)-vt=0' '9(4)+-8(4)+vt=0'],[435.199648 435.202191 435.202273],[-3.52796 -3.52972 -3.52972],[200.44306 184.78362 184.78363],[-3.3819 -3.361  -3.361 ]
['CH3OHvt=0-2' 'CH3OHvt=0-2' 'CH3OHvt=0-2'],['Methanol' 'Methanol' 'Methanol'],['9(3)+-8(3)+vt=0' '9(3)--8(3)-vt=0' '9(-3)-8(-3)E2vt=0'],[435.222717 435.231233 435.234357],[-3.48651 -3.4864  -3.4834 ],[154.24674 154.24859 167.16169],[-3.2736 -3.2735 -3.2892]
['CH3OHvt=0-2' 'CH3OHvt=0-2'],['Methanol' 'Methanol'],['9(3)-8(3)E1vt=0' '9(1)-8(1)E1vt=0'],[435.324929 435.334527],[-3.48492 -3.4299 ],[152.17119 125.51558],[-3.2691 -3.1755]
['CH3OHvt=0-2'],['Methanol'],['9(2)+-8(2)+vt=0'],[435.388654],[-3.45351],[142.18488],[-3.2233]
['CH3OHvt=0-2'],['Methanol'],['9(2)-8(2)E1vt=0'],[435.581511],[-3.46008],[126.74176],[-3.2077]
['CH3OHvt=0-2'],['Methanol'],['9(-2)-8(-2)E2vt=0'],[435.602015],[-3.45507],[130.39865],[-3.208]
['CH3OHvt=0-2'],['Methanol'],['14(-2)-14(-1)E2vt=0'],[435.806487],[-3.25594],[269.84673],[-3.0273]
['CH3OHvt=0-2' 'CH3OHvt=0-2'],['Methanol' 'Methanol'],['14(6)--15(5)-vt=0' '14(6)+-15(5)+vt=0'],[437.302819 437.302844],[-4.0358 -4.0358],[437.29338 437.29338],[-4.051 -4.051]
['CH3OHvt=0-2'],['Methanol'],['15(2)+-15(1)-vt=0'],[438.449101],[-3.35412],[316.30478],[-3.1663]
['CH3OHvt=0-2'],['Methanol'],['9(1)--8(1)-vt=0'],[438.847742],[-3.42889],[119.87588],[-3.1697]
['CH3OHvt=0-2'],['Methanol'],['15(-2)-15(-1)E2vt=0'],[439.665337],[-3.24261],[304.73215],[-3.0392]
['CH3OHvt=0-2'],['Methanol'],['19(3)-19(-2)E2vt=0'],[439.883031],[-4.45758],[488.77837],[-4.4211]
['CH3OHvt=0-2'],['Methanol'],['8(-2)-9(-3)E2vt=1'],[440.739076],[-3.39716],[447.94548],[-3.663]
['CH3OHvt=0-2'],['Methanol'],['18(3)-18(-2)E2vt=0'],[442.789775],[-4.59401],[444.66998],[-4.5193]
['CH3OHvt=0-2'],['Methanol'],['14(2)+-14(1)-vt=0'],[443.374655],[-3.33989],[281.48126],[-3.1353]
['CH3OHvt=0-2'],['Methanol'],['16(-2)-16(-1)E2vt=0'],[444.375205],[-3.22942],[341.95468],[-3.0572]
['CH3OHvt=0-2'],['Methanol'],['17(3)-17(-2)E2vt=0'],[445.236097],[-4.74936],[402.88469],[-4.6406]
['CH3OHvt=0-2' 'CH3OHvt=0-2'],['Methanol' 'Methanol'],['4(3)+-3(2)+vt=0' '4(3)--3(2)-vt=0'],[445.377145 445.388629],[-3.25324 -3.25323],[73.01202 73.01257],[-3.2569 -3.2569]
['CH3OHvt=0-2'],['Methanol'],['3(1)+-2(0)+vt=0'],[445.571375],[-3.5038],[28.34757],[-3.2511]
['CH3OHvt=0-2'],['Methanol'],['6(0)-5(-1)E2vt=0'],[447.118364],[-3.65836],[61.85017],[-3.4878]
['CH3OHvt=0-2'],['Methanol'],['16(3)-16(-2)E2vt=0'],[447.262606],[-4.92433],[363.42012],[-4.7859]
['CH3OHvt=0-2'],['Methanol'],['7(5)-8(4)E1vt=0'],[448.035028],[-4.32093],[201.05906],[-4.2906]
['CH3OHvt=0-2'],['Methanol'],['13(2)+-13(1)-vt=0'],[448.131201],[-3.32644],[248.98042],[-3.1103]
['CH3OHvt=0-2'],['Methanol'],['15(3)-15(-2)E2vt=0'],[448.91739],[-5.11951],[326.27572],[-4.956]
['CH3OHvt=0-2'],['Methanol'],['17(-2)-17(-1)E2vt=0'],[450.049177],[-3.21669],[381.51688],[-3.0815]
['CH3OHvt=0-2'],['Methanol'],['13(0)-12(1)E1vt=0'],[452.204836],[-3.61178],[223.81763],[-3.363]
['CH3OHvt=0-2'],['Methanol'],['12(2)+-12(1)-vt=0'],[452.685218],[-3.31398],[218.79924],[-3.0918]
['CH3OHvt=0-2'],['Methanol'],['17(-1)-16(2)E2vt=0'],[453.809787],[-4.88048],[359.91728],[-4.7175]
['CH3OHvt=0-2'],['Methanol'],['8(6)-9(5)E1vt=0'],[455.177597],[-4.37184],[262.34952],[-4.3825]
['CH3OHvt=0-2'],['Methanol'],['6(1)-5(0)E1vt=0'],[455.618026],[-3.58118],[69.80011],[-3.43]
['CH3OHvt=0-2'],['Methanol'],['18(1)--17(2)-vt=0'],[456.269828],[-3.66939],[414.39346],[-3.5634]
['CH3OHvt=0-2'],['Methanol'],['18(-2)-18(-1)E2vt=0'],[456.798621],[-3.20454],[423.41978],[-3.1121]
['CH3OHvt=0-2'],['Methanol'],['11(2)+-11(1)-vt=0'],[457.0057],[-3.30262],[190.93909],[-3.0803]
['CH3OHvt=0-2'],['Methanol'],['19(-1)-18(-2)E2vt=0'],[457.245121],[-3.97562],[445.36372],[-3.8925]
['CH3OHvt=0-2'],['Methanol'],['1(1)+-2(2)+vt=1'],[457.367853],[-2.99869],[327.57043],[-3.8591]
['CH3OHvt=0-2'],['Methanol'],['1(1)--2(2)-vt=1'],[457.463964],[-2.9985],[327.57504],[-3.859]
['CH3OHvt=0-2'],['Methanol'],['10(1)-9(2)E1vt=0'],[458.144823],[-3.77128],[148.72993],[-3.5284]
['CH3OHvt=0-2'],['Methanol'],['9(2)-8(1)E1vt=0'],[460.875994],[-3.50266],[126.74137],[-3.2739]
['CH3OHvt=0-2'],['Methanol'],['10(2)+-10(1)-vt=0'],[461.06417],[-3.29239],[165.40149],[-3.0763]
['CH3OHvt=0-2'],['Methanol'],['15(0)+-14(1)+vt=0'],[461.753464],[-3.53905],[278.17648],[-3.3177]
['CH3OHvt=0-2'],['Methanol'],['5(-5)-6(-4)E2vt=0'],[462.241571],[-4.76261],[158.83102],[-4.8189]
['CH3OHvt=0-2'],['Methanol'],['19(-2)-19(-1)E2vt=0'],[464.727609],[-3.19305],[467.66693],[-3.149]
['CH3OHvt=0-2'],['Methanol'],['9(2)+-9(1)-vt=0'],[464.834673],[-3.28353],[142.18518],[-3.0807]
['CH3OHvt=0-2'],['Methanol'],['8(2)+-8(1)-vt=0'],[468.29376],[-3.27637],[121.28906],[-3.0947]
['CH3OHvt=0-2'],['Methanol'],['15(2)--14(3)-vt=0'],[470.362214],[-3.7071],[316.04797],[-3.5483]
['CH3OHvt=0-2'],['Methanol'],['7(2)+-7(1)-vt=0'],[471.420467],[-3.27122],[102.71642],[-3.1198]
['CH3OHvt=0-2' 'CH3OHvt=0-2'],['Methanol' 'Methanol'],['14(5)+-15(4)+vt=0' '14(5)--15(4)-vt=0'],[473.254695 473.262483],[-3.8244  -3.82439],[381.51984 381.52021],[-3.7919 -3.7919]
['CH3OHvt=0-2'],['Methanol'],['10(4)-11(3)E1vt=0'],[473.572465],[-3.84678],[223.64749],[-3.7262]
['CH3OHvt=0-2'],['Methanol'],['13(-1)-12(0)E2vt=0'],[473.889205],[-3.35145],[216.52928],[-3.1117]
['CH3OHvt=0-2'],['Methanol'],['6(2)+-6(1)-vt=0'],[474.19628],[-3.26895],[86.4635],[-3.1586]
['CH3OHvt=0-2'],['Methanol'],['15(2)+-14(3)+vt=0'],[475.933861],[-3.69171],[316.3053],[-3.5382]
['CH3OHvt=0-2' 'CH3OHvt=0-2'],['Methanol' 'Methanol'],['5(-3)-6(-2)E2vt=0' '5(2)+-5(1)-vt=0'],[476.600747 476.605101],[-3.97067 -3.27115],[97.52936 72.53385],[-3.951  -3.2153]
['CH3OHvt=0-2'],['Methanol'],['12(1)-11(-2)E2vt=0'],[477.710442],[-5.20094],[202.11636],[-4.9771]
['CH3OHvt=0-2'],['Methanol'],['4(2)+-4(1)-vt=0'],[478.633216],[-3.28143],[60.92392],[-3.2977]
['CH3OHvt=0-2'],['Methanol'],['6(0)-5(1)E1vt=1'],[479.126471],[-3.65409],[349.19626],[-3.9284]
['CH3OHvt=0-2'],['Methanol'],['19(-2)-18(3)E2vt=0'],[479.182955],[-4.88775],[467.66718],[-4.8565]
['CH3OHvt=0-2'],['Methanol'],['10(1)+-9(1)+vt=0'],[479.215536],[-3.31097],[141.07545],[-3.0758]
['CH3OHvt=0-2'],['Methanol'],['3(2)+-3(1)-vt=0'],[480.269256],[-3.31041],[51.63749],[-3.4238]
['CH3OHvt=0-2'],['Methanol'],['2(2)+-2(1)-vt=0'],[481.504169],[-3.40399],[44.67269],[-3.6545]
['CH3OHvt=0-2'],['Methanol'],['11(7)+-12(6)+vt=0'],[481.595499],[-4.1596],[397.7955],[-3.9576]
['CH3OHvt=0-2'],['Methanol'],['10(1)+-9(1)+vt=1'],[481.710109],[-3.30346],[452.44112],[-3.5212]
['CH3OHvt=0-2' 'CH3OHvt=0-2'],['Methanol' 'Methanol'],['10(-2)-9(-2)E2vt=1' '10(4)-9(4)E1vt=1'],[482.120081 482.134548],[-3.31456 -3.37693],[491.91039 490.67806],[-3.5898 -3.6504]
['CH3OHvt=0-2' 'CH3OHvt=0-2'],['Methanol' 'Methanol'],['10(-3)-9(-3)E2vt=1' '10(2)+-9(2)+vt=1'],[482.175987 482.188262],[-3.34138 -3.31774],[449.93412 425.98209],[-3.5559 -3.4976]
['CH3OHvt=0-2' 'CH3OHvt=0-2' 'CH3OHvt=0-2'],['Methanol' 'Methanol' 'Methanol'],['10(0)-9(0)E1vt=1' '10(1)-9(1)E1vt=1' '10(2)--9(2)-vt=1'],[482.213334 482.216802 482.217678],[-3.29866 -3.30373 -3.31761],[427.8911  418.78818 425.98638],[-3.4813 -3.4732 -3.4975]
['CH3OHvt=0-2'],['Methanol'],['10(0)-9(0)E1vt=0'],[482.282127],[-3.29949],[140.60252],[-3.0663]
['CH3OHvt=0-2'],['Methanol'],['10(1)--9(1)-vt=1'],[482.666795],[-3.30086],[452.69422],[-3.5198]
['CH3OHvt=0-2'],['Methanol'],['10(-1)-9(-1)E2vt=0'],[482.958757],[-3.3011],[133.14764],[-3.0577]
['CH3OHvt=0-2'],['Methanol'],['10(0)+-9(0)+vt=0'],[483.14075],[-3.29638],[127.59841],[-3.0451]
['CH3OHvt=0-2' 'CH3OHvt=0-2'],['Methanol' 'Methanol'],['10(-8)-9(-8)E2vt=0' '10(8)+-9(8)+vt=0'],[483.171852 483.185203],[-3.7402  -3.73725],[449.05247 448.54811],[-3.9543 -3.6496]
['CH3OHvt=0-2' 'CH3OHvt=0-2'],['Methanol' 'Methanol'],['10(8)-9(8)E1vt=0' '10(7)+-9(7)+vt=0'],[483.23953  483.253534],[-3.73628 -3.58849],[462.69956 372.28657],[-3.9702 -3.3905]
['CH3OHvt=0-2'],['Methanol'],['10(7)-9(7)E1vt=0'],[483.289318],[-3.5858],[377.41462],[-3.6963]
['CH3OHvt=0-2'],['Methanol'],['10(-7)-9(-7)E2vt=0'],[483.316655],[-3.58571],[387.82111],[-3.7113]
['CH3OHvt=0-2'],['Methanol'],['10(6)-9(6)E1vt=0'],[483.337774],[-3.48933],[306.42379],[-3.4971]
['CH3OHvt=0-2' 'CH3OHvt=0-2' 'CH3OHvt=0-2'],['Methanol' 'Methanol' 'Methanol'],['10(6)+-9(6)+vt=0' '10(-6)-9(-6)E2vt=0' '10(2)--9(2)-vt=0'],[483.375372 483.382307 483.388559],[-3.48794 -3.48698 -3.31071],[321.33555 316.58651 165.34776],[-3.2163 -3.5095 -3.1143]
['CH3OHvt=0-2' 'CH3OHvt=0-2'],['Methanol' 'Methanol'],['10(5)-9(5)E1vt=0' '10(-5)-9(-5)E2vt=0'],[483.423113 483.429645],[-3.4198  -3.41995],[263.70509 251.64276],[-3.3658 -3.3485]
['CH3OHvt=0-2' 'CH3OHvt=0-2'],['Methanol' 'Methanol'],['10(5)+-9(5)+vt=0' '10(-4)-9(-4)E2vt=0'],[483.460643 483.472489],[-3.41805 -3.37117],[265.53412 215.54468],[-3.0657 -3.2475]
['CH3OHvt=0-2'],['Methanol'],['10(4)-9(4)E1vt=0'],[483.519833],[-3.3686],[223.64865],[-3.2567]
['CH3OHvt=0-2' 'CH3OHvt=0-2' 'CH3OHvt=0-2' 'CH3OHvt=0-2' 'CH3OHvt=0-2'],['Methanol' 'Methanol' 'Methanol' 'Methanol' 'Methanol'],"['10(4)--9(4)-vt=0' '10(4)+-9(4)+vt=0' '10(3)+-9(3)+vt=0'
 '10(-3)-9(-3)E2vt=0' '10(3)--9(3)-vt=0']",[483.539259 483.539436 483.551    483.556104 483.565589],[-3.37035 -3.37035 -3.33675 -3.33375 -3.33673],[207.99003 207.99004 177.45417 190.3688  177.45487],[-3.2358 -3.2358 -3.158  -3.1737 -3.158 ]
['CH3OHvt=0-2' 'CH3OHvt=0-2'],['Methanol' 'Methanol'],['10(1)-9(1)E1vt=0' '10(3)-9(3)E1vt=0'],[483.686289 483.696714],[-3.28981 -3.33522],[148.72989 175.38502],[-3.0696 -3.1536]
['CH3OHvt=0-2'],['Methanol'],['10(2)+-9(2)+vt=0'],[483.761368],[-3.30971],[165.40163],[-3.1137]
['CH3OHvt=0-2'],['Methanol'],['2(2)--2(1)+vt=0'],[484.004666],[-3.39723],[44.67184],[-3.6499]
['CH3OHvt=0-2'],['Methanol'],['10(2)-9(2)E1vt=0'],[484.02316],[-3.31603],[149.97189],[-3.0979]
['CH3OHvt=0-2'],['Methanol'],['10(-2)-9(-2)E2vt=0'],[484.071772],[-3.31109],[153.63013],[-3.0983]
['CH3OHvt=0-2'],['Methanol'],['3(2)--3(1)+vt=0'],[485.263203],[-3.29689],[51.63689],[-3.4146]
['CH3OHvt=0-2' 'CH3OHvt=0-2'],['Methanol' 'Methanol'],['13(6)--14(5)-vt=0' '13(6)+-14(5)+vt=0'],[485.732351 485.732364],[-3.93565 -3.93565],[404.83107 404.83107],[-3.9788 -3.9788]
['CH3OHvt=0-2'],['Methanol'],['4(2)--4(1)+vt=0'],[486.940748],[-3.25895],[60.92264],[-3.2824]
['CH3OHvt=0-2'],['Methanol'],['10(1)--9(1)-vt=0'],[487.531871],[-3.28851],[143.27447],[-3.0637]
['CH3OHvt=0-2'],['Methanol'],['7(-2)-8(-3)E2vt=1'],[488.945512],[-3.23792],[429.42995],[-3.5747]
['CH3OHvt=0-2'],['Methanol'],['5(2)--5(1)+vt=0'],[489.036813],[-3.23761],[72.52907],[-3.1925]
['CH3OHvt=0-2'],['Methanol'],['6(2)--6(1)+vt=0'],[491.550719],[-3.22216],[86.45614],[-3.1268]
['CH3OHvt=0-2'],['Methanol'],['4(1)+-3(0)+vt=0'],[492.278692],[-3.41737],[37.55424],[-3.1105]
['CH3OHvt=0-2'],['Methanol'],['5(3)+-4(2)+vt=0'],[493.699112],[-3.17895],[84.61834],[-3.1553]
['CH3OHvt=0-2'],['Methanol'],['5(3)--4(2)-vt=0'],[493.733687],[-3.17882],[84.61856],[-3.1552]
['CH3OHvt=0-2'],['Methanol'],['7(2)--7(1)+vt=0'],[494.481555],[-3.20901],[102.70237],[-3.0775]
['CH3OHvt=0-2'],['Methanol'],['7(0)-6(-1)E2vt=0'],[495.173105],[-3.49308],[78.0765],[-3.3265]
['CH3OHvt=0-2'],['Methanol'],['6(5)-7(4)E1vt=0'],[496.429217],[-4.36906],[184.81429],[-4.4202]
['CH3OHvt=0-2'],['Methanol'],['20(-1)-19(-2)E2vt=0'],[496.907359],[-3.9181],[491.51509],[-3.9148]
['CH3OHvt=0-2'],['Methanol'],['14(0)-13(1)E1vt=0'],[496.924423],[-3.48635],[256.13624],[-3.2927]
['CH3OHvt=0-2'],['Methanol'],['18(-1)-17(2)E2vt=0'],[497.657625],[-4.649],[401.49713],[-4.5606]
['CH3OHvt=0-2'],['Methanol'],['8(2)--8(1)+vt=0'],[497.828124],[-3.19668],[121.26627],[-3.0405]
['CH3OHvt=0-2'],['Methanol'],['9(2)--9(1)+vt=0'],[501.58889],[-3.18442],[142.1492],[-3.0133]
['CH3OHvt=0-2'],['Methanol'],['7(6)-8(5)E1vt=0'],[503.571051],[-4.43598],[243.78974],[-4.5163]
['CH3OHvt=0-2'],['Methanol'],['7(1)-6(0)E1vt=0'],[504.293585],[-3.45253],[86.05192],[-3.3051]
['CH3OHvt=0-2'],['Methanol'],['10(2)--10(1)+vt=0'],[505.761913],[-3.17185],[165.34819],[-2.9943]
['CH3OHvt=0-2'],['Methanol'],['11(1)-10(2)E1vt=0'],[506.153058],[-3.63113],[174.26287],[-3.4273]
['CH3OHvt=0-2'],['Methanol'],['10(2)-9(1)E1vt=0'],[509.564626],[-3.39009],[149.97184],[-3.1934]
['CH3OHvt=0-2'],['Methanol'],['3(3)-2(2)E1vt=1'],[509.78023],[-3.73912],[431.30463],[-4.427]
['CH3OHvt=0-2'],['Methanol'],['11(2)--11(1)+vt=0'],[510.34479],[-3.15877],[190.86168],[-2.9824]
['CH3OHvt=0-2'],['Methanol'],['19(1)--18(2)-vt=0'],[511.949744],[-3.51289],[458.74823],[-3.4963]
['CH3OHvt=0-2'],['Methanol'],['16(0)+-15(1)+vt=0'],[515.170245],[-3.38763],[315.20721],[-3.2384]
['CH3OHvt=0-2'],['Methanol'],['12(2)--12(1)+vt=0'],[515.334585],[-3.14514],[218.69098],[-2.9769]
['CH3OHvt=0-2'],['Methanol'],['16(2)--15(3)-vt=0'],[517.676592],[-3.56953],[353.11963],[-3.4772]
['CH3OHvt=0-2'],['Methanol'],['2(-2)-1(-1)E2vt=0'],[520.179054],[-3.01039],[32.86335],[-3.276]
['CH3OHvt=0-2'],['Methanol'],['13(2)--13(1)+vt=0'],[520.727763],[-3.1308],[248.8316],[-2.9771]
['CH3OHvt=0-2' 'CH3OHvt=0-2'],['Methanol' 'Methanol'],['13(5)+-14(4)+vt=0' '13(5)--14(4)-vt=0'],[521.776019 521.780534],[-3.72259 -3.72259],[349.04754 349.04776],[-3.7148 -3.7148]
['CH3OHvt=0-2'],['Methanol'],['9(4)-10(3)E1vt=0'],[522.121802],[-3.75923],[200.44221],[-3.6892]
['CH3OHvt=0-2'],['Methanol'],['14(-1)-13(0)E2vt=0'],[523.274293],[-3.20287],[248.93079],[-3.0203]
['CH3OHvt=0-2'],['Methanol'],['18(-4)-18(-3)E2vt=0'],[523.502932],[-3.14119],[484.55452],[-3.1941]
['CH3OHvt=0-2'],['Methanol'],['17(-4)-17(-3)E2vt=0'],[523.683978],[-3.14161],[442.82885],[-3.1584]
['CH3OHvt=0-2'],['Methanol'],['16(-4)-16(-3)E2vt=0'],[523.85032],[-3.14248],[403.41601],[-3.1279]
['CH3OHvt=0-2'],['Methanol'],['15(-4)-15(-3)E2vt=0'],[524.002815],[-3.14392],[366.31604],[-3.1029]
['CH3OHvt=0-2'],['Methanol'],['14(-4)-14(-3)E2vt=0'],[524.142239],[-3.1461],[331.52899],[-3.0838]
['CH3OHvt=0-2'],['Methanol'],['13(-4)-13(-3)E2vt=0'],[524.269306],[-3.14897],[299.0592],[-3.0708]
['CH3OHvt=0-2'],['Methanol'],['12(-4)-12(-3)E2vt=0'],[524.384667],[-3.15321],[268.90383],[-3.0649]
['CH3OHvt=0-2'],['Methanol'],['11(-4)-11(-3)E2vt=0'],[524.488918],[-3.15892],[241.06579],[-3.0666]
['CH3OHvt=0-2'],['Methanol'],['10(-4)-10(-3)E2vt=0'],[524.582604],[-3.16688],[215.54509],[-3.0772]
['CH3OHvt=0-2'],['Methanol'],['9(-4)-9(-3)E2vt=0'],[524.666219],[-3.17804],[192.34176],[-3.0983]
['CH3OHvt=0-2'],['Methanol'],['8(-4)-8(-3)E2vt=0'],[524.74021],[-3.19441],[171.45727],[-3.1328]
['CH3OHvt=0-2'],['Methanol'],['7(-4)-7(-3)E2vt=0'],[524.804977],[-3.21937],[152.89307],[-3.1853]
['CH3OHvt=0-2' 'CH3OHvt=0-2'],['Methanol' 'Methanol'],['6(-4)-6(-3)E2vt=0' '16(2)+-15(3)+vt=0'],[524.860875 524.870949],[-3.2602  -3.55161],[136.6463  353.44764],[-3.2648 -3.4655]
['CH3OHvt=0-2'],['Methanol'],['5(-4)-5(-3)E2vt=0'],[524.908214],[-3.33547],[122.72129],[-3.3925]
['CH3OHvt=0-2'],['Methanol'],['4(-4)-4(-3)E2vt=0'],[524.947258],[-3.51119],[111.11662],[-3.6386]
['CH3OHvt=0-2'],['Methanol'],['4(-3)-5(-2)E2vt=0'],[525.055729],[-3.97927],[85.92323],[-4.0703]
['CH3OHvt=0-2'],['Methanol'],['13(1)-12(-2)E2vt=0'],[525.315119],[-4.9764],[232.28866],[-4.8024]
['CH3OHvt=0-2'],['Methanol'],['14(2)--14(1)+vt=0'],[526.520131],[-3.11596],[281.28477],[-2.9828]
['CH3OHvt=0-2'],['Methanol'],['17(3)-17(2)E1vt=0'],[526.554585],[-3.04787],[402.88396],[-3.0091]
['CH3OHvt=0-2'],['Methanol'],['18(3)-18(2)E1vt=0'],[526.582396],[-3.04819],[444.67001],[-3.0458]
['CH3OHvt=0-2'],['Methanol'],['16(3)-16(2)E1vt=0'],[526.778842],[-3.04837],[363.41922],[-2.9782]
['CH3OHvt=0-2'],['Methanol'],['19(3)-19(2)E1vt=0'],[526.949841],[-3.04921],[488.77871],[-3.0881]
['CH3OHvt=0-2'],['Methanol'],['11(1)+-10(1)+vt=0'],[527.053489],[-3.18432],[166.37002],[-2.9859]
['CH3OHvt=0-2'],['Methanol'],['15(3)-15(2)E1vt=0'],[527.171462],[-3.04967],[326.27611],[-2.9532]
['CH3OHvt=0-2'],['Methanol'],['7(0)-6(1)E1vt=1'],[527.342719],[-3.51043],[365.40157],[-3.786]
['CH3OHvt=0-2'],['Methanol'],['14(3)-14(2)E1vt=0'],[527.658026],[-3.05184],[291.45536],[-2.9343]
['CH3OHvt=0-2'],['Methanol'],['13(3)-13(2)E1vt=0'],[528.177245],[-3.05484],[258.95548],[-2.9217]
['CH3OHvt=0-2'],['Methanol'],['12(3)-12(2)E1vt=0'],[528.68279],[-3.05871],[228.77711],[-2.9157]
['CH3OHvt=0-2'],['Methanol'],['11(3)-11(2)E1vt=0'],[529.143188],[-3.06366],[200.92018],[-2.9169]
['CH3OHvt=0-2'],['Methanol'],['10(3)-10(2)E1vt=0'],[529.540268],[-3.06971],[175.38527],[-2.9258]
['CH3OHvt=0-2'],['Methanol'],['11(1)+-10(1)+vt=1'],[529.816215],[-3.17681],[477.86797],[-3.4315]
['CH3OHvt=0-2'],['Methanol'],['9(3)-9(2)E1vt=0'],[529.866713],[-3.07739],[152.17202],[-2.9436]
['CH3OHvt=0-2'],['Methanol'],['10(7)+-11(6)+vt=0'],[529.998308],[-4.13433],[372.28692],[-3.9748]
['CH3OHvt=0-2'],['Methanol'],['8(3)-8(2)E1vt=0'],[530.123296],[-3.08733],[131.27902],[-2.9718]
['CH3OHvt=0-2'],['Methanol'],['11(0)-10(0)E1vt=0'],[530.184164],[-3.17433],[166.04691],[-2.9779]
['CH3OHvt=0-2'],['Methanol'],['7(3)-7(2)E1vt=0'],[530.316194],[-3.1008],[112.70802],[-3.0129]
['CH3OHvt=0-2' 'CH3OHvt=0-2'],['Methanol' 'Methanol'],['11(-3)-10(-3)E2vt=1' '11(2)+-10(2)+vt=1'],[530.337013 530.346317],[-3.2081  -3.18866],[475.38519 451.43446],[-3.4596 -3.4055]
['CH3OHvt=0-2' 'CH3OHvt=0-2' 'CH3OHvt=0-2'],['Methanol' 'Methanol' 'Methanol'],['11(0)-10(0)E1vt=1' '11(1)-10(1)E1vt=1' '11(2)--10(2)-vt=1'],[530.373502 530.37981  530.38551 ],[-3.17277 -3.17705 -3.18852],[453.34501 444.24222 451.44065],[-3.3924 -3.3835 -3.4054]
['CH3OHvt=0-2'],['Methanol'],['6(3)-6(2)E1vt=0'],[530.45467],[-3.12047],[96.45946],[-3.0713]
['CH3OHvt=0-2'],['Methanol'],['5(3)-5(2)E1vt=0'],[530.549228],[-3.15231],[82.53096],[-3.1556]
['CH3OHvt=0-2'],['Methanol'],['4(3)-4(2)E1vt=0'],[530.610267],[-3.21181],[70.92447],[-3.2855]
['CH3OHvt=0-2'],['Methanol'],['3(3)-3(2)E1vt=0'],[530.647188],[-3.35928],[61.63899],[-3.5287]
['CH3OHvt=0-2'],['Methanol'],['11(1)--10(1)-vt=1'],[530.867063],[-3.17425],[478.17163],[-3.4302]
['CH3OHvt=0-2'],['Methanol'],['11(-1)-10(-1)E2vt=0'],[531.079227],[-3.17466],[158.63561],[-2.9682]
['CH3OHvt=0-2'],['Methanol'],['11(0)+-10(0)+vt=0'],[531.319322],[-3.17068],[153.0978],[-2.9564]
['CH3OHvt=0-2'],['Methanol'],['11(-8)-10(-8)E2vt=0'],[531.437209],[-3.49743],[474.55747],[-3.7486]
['CH3OHvt=0-2'],['Methanol'],['11(8)+-10(8)+vt=0'],[531.460073],[-3.49447],[474.05499],[-3.4439]
['CH3OHvt=0-2' 'CH3OHvt=0-2'],['Methanol' 'Methanol'],['11(8)-10(8)E1vt=0' '11(7)+-10(7)+vt=0'],[531.514515 531.529866],[-3.49351 -3.39551],[488.2079  397.79497],[-3.7645 -3.2346]
['CH3OHvt=0-2'],['Methanol'],['11(7)-10(7)E1vt=0'],[531.576433],[-3.39282],[402.92642],[-3.5404]
['CH3OHvt=0-2'],['Methanol'],['11(-7)-10(-7)E2vt=0'],[531.597838],[-3.39274],[413.33406],[-3.5554]
['CH3OHvt=0-2' 'CH3OHvt=0-2'],['Methanol' 'Methanol'],['11(6)-10(6)E1vt=0' '11(2)--10(2)-vt=0'],[531.62743  531.636365],[-3.32295 -3.18177],[331.93858 190.86199],[-3.3678 -3.0224]
['CH3OHvt=0-2'],['Methanol'],['11(6)+-10(6)+vt=0'],[531.661388],[-3.32156],[346.85017],[-3.087]
['CH3OHvt=0-2'],['Methanol'],['11(-6)-10(-6)E2vt=0'],[531.67953],[-3.32059],[342.1031],[-3.3802]
['CH3OHvt=0-2'],['Methanol'],['11(5)-10(5)E1vt=0'],[531.714263],[-3.26941],[289.22283],[-3.2525]
['CH3OHvt=0-2'],['Methanol'],['11(-5)-10(-5)E2vt=0'],[531.736499],[-3.26956],[277.1627],[-3.2352]
['CH3OHvt=0-2' 'CH3OHvt=0-2' 'CH3OHvt=0-2'],['Methanol' 'Methanol' 'Methanol'],['11(5)+-10(5)+vt=0' '11(5)--10(5)-vt=0' '11(-4)-10(-4)E2vt=0'],[531.765365 531.765366 531.772282],[-3.26762 -3.26762 -3.23108],[291.05396 291.05396 241.06571],[-3.2534 -3.2534 -3.1445]
['CH3OHvt=0-2'],['Methanol'],['11(4)-10(4)E1vt=0'],[531.828852],[-3.22861],[249.17157],[-3.1538]
['CH3OHvt=0-2' 'CH3OHvt=0-2' 'CH3OHvt=0-2' 'CH3OHvt=0-2'],['Methanol' 'Methanol' 'Methanol' 'Methanol'],"['11(-3)-10(-3)E2vt=0' '11(3)+-10(3)+vt=0' '11(4)--10(4)-vt=0'
 '11(4)+-10(4)+vt=0']",[531.865968 531.869191 531.870366 531.870721],[-3.20045 -3.20334 -3.23024 -3.23024],[215.89463 202.97896 233.51544 233.51546],[-3.0775 -3.0617 -3.1328 -3.1328]
['CH3OHvt=0-2'],['Methanol'],['11(3)--10(3)-vt=0'],[531.892878],[-3.20332],[202.98154],[-3.0617]
['CH3OHvt=0-2'],['Methanol'],['11(1)-10(1)E1vt=0'],[532.031395],[-3.16359],[174.26317],[-2.9805]
['CH3OHvt=0-2'],['Methanol'],['11(3)-10(3)E1vt=0'],[532.06917],[-3.20177],[200.91961],[-3.0573]
['CH3OHvt=0-2'],['Methanol'],['11(2)+-10(2)+vt=0'],[532.132588],[-3.18047],[190.93904],[-3.0216]
['CH3OHvt=0-2'],['Methanol'],['11(2)-10(2)E1vt=0'],[532.46625],[-3.18672],[175.52569],[-3.0058]
['CH3OHvt=0-2'],['Methanol'],['11(-2)-10(-2)E2vt=0'],[532.566779],[-3.18164],[179.18931],[-3.0061]
['CH3OHvt=0-2'],['Methanol'],['15(2)--15(1)+vt=0'],[532.706771],[-3.10044],[316.04882],[-2.9935]
['CH3OHvt=0-2' 'CH3OHvt=0-2'],['Methanol' 'Methanol'],['12(6)--13(5)-vt=0' '12(6)+-13(5)+vt=0'],[534.14874  534.148746],[-3.85601 -3.85601],[374.6831 374.6831],[-3.9285 -3.9285]
['CH3OHvt=0-2'],['Methanol'],['11(1)--10(1)-vt=0'],[536.191058],[-3.16196],[169.00699],[-2.9745]
['CH3OHvt=0-2'],['Methanol'],['6(-2)-7(-3)E2vt=1'],[537.151571],[-3.08429],[413.22795],[-3.4989]
['CH3OHvt=0-2'],['Methanol'],['5(1)+-4(0)+vt=0'],[538.570553],[-3.30696],[49.06026],[-2.967]
['CH3OHvt=0-2'],['Methanol'],['16(2)--16(1)+vt=0'],[539.281987],[-3.08433],[353.11917],[-3.009]
['CH3OHvt=0-2'],['Methanol'],['15(0)-14(1)E1vt=0'],[540.922282],[-3.37582],[290.7395],[-3.2386]
['CH3OHvt=0-2'],['Methanol'],['19(-1)-18(2)E2vt=0'],[541.037743],[-4.44449],[445.36376],[-4.4315]
['CH3OHvt=0-2'],['Methanol'],['6(3)+-5(2)+vt=0'],[542.000954],[-3.10071],[98.54444],[-3.0635]
['CH3OHvt=0-2'],['Methanol'],['6(3)--5(2)-vt=0'],[542.081952],[-3.10054],[98.54545],[-3.0634]
['CH3OHvt=0-2'],['Methanol'],['8(0)-7(-1)E2vt=0'],[543.076175],[-3.34338],[96.61342],[-3.1877]
['CH3OHvt=0-2'],['Methanol'],['5(5)-6(4)E1vt=0'],[544.820585],[-4.58617],[170.89012],[-4.7284]
['CH3OHvt=0-2'],['Methanol'],['17(2)--17(1)+vt=0'],[546.23926],[-3.06766],[392.49693],[-3.0291]
['CH3OHvt=0-2'],['Methanol'],['11(1)+-11(2)-vt=1'],[550.659315],[-3.08339],[477.86833],[-3.3541]
['CH3OHvt=0-2'],['Methanol'],['10(1)+-10(2)-vt=1'],[551.22861],[-3.08016],[452.44096],[-3.354]
['CH3OHvt=0-2'],['Methanol'],['9(1)+-9(2)-vt=1'],[551.736179],[-3.07778],[429.32272],[-3.362]
['CH3OHvt=0-2'],['Methanol'],['6(6)-7(5)E1vt=0'],[551.968705],[-4.67369],[227.54946],[-4.8308]
['CH3OHvt=0-2'],['Methanol'],['8(1)+-8(2)-vt=1'],[552.18485],[-3.07656],[408.51376],[-3.3793]
['CH3OHvt=0-2'],['Methanol'],['7(1)+-7(2)-vt=1'],[552.57718],[-3.07679],[390.01564],[-3.4074]
['CH3OHvt=0-2'],['Methanol'],['6(1)+-6(2)-vt=1'],[552.915451],[-3.07942],[373.82702],[-3.449]
['CH3OHvt=0-2'],['Methanol'],['8(1)-7(0)E1vt=0'],[553.146224],[-3.33447],[104.6229],[-3.198]
['CH3OHvt=0-2'],['Methanol'],['5(1)+-5(2)-vt=1'],[553.201662],[-3.08574],[359.95089],[-3.508]
['CH3OHvt=0-2'],['Methanol'],['4(1)+-4(2)-vt=1'],[553.437536],[-3.09956],[348.38731],[-3.5924]
['CH3OHvt=0-2'],['Methanol'],['18(2)--18(1)+vt=0'],[553.571207],[-3.05062],[434.17887],[-3.0538]
['CH3OHvt=0-2'],['Methanol'],['3(1)+-3(2)-vt=1'],[553.624507],[-3.13136],[339.13493],[-3.7201]
['CH3OHvt=0-2'],['Methanol'],['2(1)+-2(2)-vt=1'],[553.763727],[-3.22708],[332.19668],[-3.952]
['CH3OHvt=0-2' 'CH3OHvt=0-2'],['Methanol' 'Methanol'],['2(1)--2(2)+vt=1' '12(1)-11(2)E1vt=0'],[554.052738 554.05541 ],[-3.22644 -3.50514],[332.21055 202.11577],[-3.9516 -3.343 ]
['CH3OHvt=0-2'],['Methanol'],['3(1)--3(2)+vt=1'],[554.202956],[-3.12999],[339.16269],[-3.7192]
['CH3OHvt=0-2'],['Methanol'],['4(1)--4(2)+vt=1'],[554.402565],[-3.09727],[348.43363],[-3.5909]
['CH3OHvt=0-2'],['Methanol'],['5(1)--5(2)+vt=1'],[554.650979],[-3.08236],[360.02044],[-3.5058]
['CH3OHvt=0-2'],['Methanol'],['6(1)--6(2)+vt=1'],[554.947468],[-3.07456],[373.92454],[-3.4458]
['CH3OHvt=0-2'],['Methanol'],['7(1)--7(2)+vt=1'],[555.291152],[-3.07047],[390.14445],[-3.4033]
['CH3OHvt=0-2'],['Methanol'],['8(1)--8(2)+vt=1'],[555.681007],[-3.0683],[408.68011],[-3.3739]
['CH3OHvt=0-2'],['Methanol'],['9(1)--9(2)+vt=1'],[556.115861],[-3.0675],[429.53004],[-3.3553]
['CH3OHvt=0-2'],['Methanol'],['10(1)--10(2)+vt=1'],[556.594394],[-3.06747],[452.69416],[-3.3457]
['CH3OHvt=0-2'],['Methanol'],['11(1)--11(2)+vt=1'],[557.11514],[-3.06821],[478.17097],[-3.3442]
['CH3OHvt=0-2'],['Methanol'],['4(3)-3(2)E1vt=1'],[558.004704],[-3.70951],[440.5654],[-4.3392]
['CH3OHvt=0-2'],['Methanol'],['11(2)-10(1)E1vt=0'],[558.344587],[-3.28742],[175.52599],[-3.1262]
['CH3OHvt=0-2'],['Methanol'],['19(2)--19(1)+vt=0'],[561.269553],[-3.03308],[478.16316],[-3.0828]
['CH3OHvt=0-2'],['Methanol'],['17(2)--16(3)-vt=0'],[564.759864],[-3.44503],[392.49661],[-3.4203]
['CH3OHvt=0-2'],['Methanol'],['3(-2)-2(-1)E2vt=0'],[568.566082],[-2.99762],[39.82846],[-3.1641]
['CH3OHvt=0-2'],['Methanol'],['17(0)+-16(1)+vt=0'],[568.783488],[-3.24994],[354.53501],[-3.1732]
['CH3OHvt=0-2' 'CH3OHvt=0-2'],['Methanol' 'Methanol'],['12(5)+-13(4)+vt=0' '12(5)--13(4)-vt=0'],[570.261304 570.263814],[-3.63744 -3.63744],[318.89281 318.89294],[-3.6563 -3.6563]
['CH3OHvt=0-2'],['Methanol'],['8(4)-9(3)E1vt=0'],[570.618869],[-3.6952],[179.5566],[-3.6801]
['CH3OHvt=0-2'],['Methanol'],['14(1)-13(-2)E2vt=0'],[572.676175],[-4.78068],[264.78008],[-4.6585]
['CH3OHvt=0-2'],['Methanol'],['15(-1)-14(0)E2vt=0'],[572.898709],[-3.0652],[283.63144],[-2.9415]
['CH3OHvt=0-2'],['Methanol'],['3(-3)-4(-2)E2vt=0'],[573.470912],[-4.13557],[76.63735],[-4.3589]
['CH3OHvt=0-2'],['Methanol'],['17(2)+-16(3)+vt=0'],[573.912735],[-3.42417],[392.91286],[-3.4067]
['CH3OHvt=0-2'],['Methanol'],['12(1)+-11(1)+vt=0'],[574.86845],[-3.06907],[193.95831],[-2.9104]
['CH3OHvt=0-2'],['Methanol'],['8(0)-7(1)E1vt=1'],[575.5472],[-3.38189],[383.91842],[-3.6662]
['CH3OHvt=0-2'],['Methanol'],['12(0)-11(0)E1vt=0'],[578.006434],[-3.06036],[193.78663],[-2.9037]
['CH3OHvt=0-2'],['Methanol'],['9(7)+-10(6)+vt=0'],[578.406162],[-4.15819],[349.09355],[-4.0448]
['CH3OHvt=0-2'],['Methanol'],['12(2)+-11(2)+vt=1'],[578.487033],[-3.07155],[479.19665],[-3.3284]
['CH3OHvt=0-2' 'CH3OHvt=0-2' 'CH3OHvt=0-2'],['Methanol' 'Methanol' 'Methanol'],['12(0)-11(0)E1vt=1' '12(1)-11(1)E1vt=1' '12(2)--11(2)-vt=1'],[578.516221 578.526074 578.537944],[-3.05805 -3.06173 -3.07139],[481.11017 472.00612 479.20629],[-3.3177 -3.3082 -3.3283]
['CH3OHvt=0-2'],['Methanol'],['2(2)--1(1)-vt=0'],[579.084696],[-2.90999],[44.6726],[-3.2372]
['CH3OHvt=0-2'],['Methanol'],['12(-1)-11(-1)E2vt=0'],[579.150985],[-3.05969],[186.43046],[-2.8932]
['CH3OHvt=0-2'],['Methanol'],['12(0)+-11(0)+vt=0'],[579.459615],[-3.05607],[180.90745],[-2.8818]
['CH3OHvt=0-2'],['Methanol'],['15(-6)-16(-5)E2vt=0'],[579.685682],[-3.61158],[467.33542],[-3.7587]
['CH3OHvt=0-2'],['Methanol'],['12(7)+-11(7)+vt=0'],[579.792184],[-3.2359],[425.62055],[-3.1151]
['CH3OHvt=0-2' 'CH3OHvt=0-2' 'CH3OHvt=0-2'],['Methanol' 'Methanol' 'Methanol'],['12(7)-11(7)E1vt=0' '12(2)--11(2)-vt=0' '12(-7)-11(-7)E2vt=0'],[579.851594 579.858244 579.864589],[-3.2332  -3.06469 -3.23312],[430.75405 218.69138 441.16273],[-3.4209 -2.9454 -3.4359]
['CH3OHvt=0-2' 'CH3OHvt=0-2' 'CH3OHvt=0-2'],['Methanol' 'Methanol' 'Methanol'],['12(6)-11(6)E1vt=0' '2(2)+-1(1)+vt=0' '12(6)+-11(6)+vt=0'],[579.904471 579.921247 579.932675],[-3.17962 -2.90809 -3.17824],[359.76918  44.67246 374.68337],[-3.2646 -3.2359 -2.9838]
['CH3OHvt=0-2'],['Methanol'],['12(-6)-11(-6)E2vt=0'],[579.96503],[-3.17736],[369.93555],[-3.2771]
['CH3OHvt=0-2'],['Methanol'],['12(5)-11(5)E1vt=0'],[579.990787],[-3.13689],[317.05772],[-3.1601]
['CH3OHvt=0-2'],['Methanol'],['12(-5)-11(-5)E2vt=0'],[580.033025],[-3.13702],[304.99999],[-3.1428]
['CH3OHvt=0-2' 'CH3OHvt=0-2' 'CH3OHvt=0-2'],['Methanol' 'Methanol' 'Methanol'],['12(5)+-11(5)+vt=0' '12(5)--11(5)-vt=0' '12(-4)-11(-4)E2vt=0'],[580.058266 580.058267 580.058509],[-3.13509 -3.13509 -3.10575],[318.89251 318.89251 268.90395],[-3.161  -3.161  -3.0593]
['CH3OHvt=0-2'],['Methanol'],['12(4)-11(4)E1vt=0'],[580.125584],[-3.10327],[277.01319],[-3.0686]
['CH3OHvt=0-2' 'CH3OHvt=0-2' 'CH3OHvt=0-2' 'CH3OHvt=0-2' 'CH3OHvt=0-2'],['Methanol' 'Methanol' 'Methanol' 'Methanol' 'Methanol'],"['12(-3)-11(-3)E2vt=0' '12(3)+-11(3)+vt=0' '12(4)--11(4)-vt=0'
 '12(4)+-11(4)+vt=0' '12(3)--11(3)-vt=0']",[580.162761 580.175957 580.194884 580.195548 580.212765],[-3.08001 -3.083   -3.10497 -3.10497 -3.08286],[243.73769 230.82394 261.36127 261.36131 230.82714],[-2.9972 -2.9815 -3.0477 -3.0477 -2.9814]
['CH3OHvt=0-2'],['Methanol'],['12(1)-11(1)E1vt=0'],[580.368602],[-3.04872],[202.11536],[-2.9058]
['CH3OHvt=0-2'],['Methanol'],['12(3)-11(3)E1vt=0'],[580.442309],[-3.08127],[228.77641],[-2.977]
['CH3OHvt=0-2'],['Methanol'],['12(2)+-11(2)+vt=0'],[580.501963],[-3.06327],[218.79853],[-2.9446]
['CH3OHvt=0-2'],['Methanol'],['12(2)-11(2)E1vt=0'],[580.902708],[-3.06927],[203.40423],[-2.9286]
['CH3OHvt=0-2'],['Methanol'],['12(-2)-11(-2)E2vt=0'],[581.0917],[-3.06422],[207.07785],[-2.929]
['CH3OHvt=0-2' 'CH3OHvt=0-2' 'CH3OHvt=0-2'],['Methanol' 'Methanol' 'Methanol'],['8(-1)-9(-2)E2vt=1' '11(6)--12(5)-vt=0' '11(6)+-12(5)+vt=0'],[582.547193 582.554331 582.554334],[-3.69448 -3.79762 -3.79762],[496.73011 346.85104 346.85104],[-4.1471 -3.902  -3.902 ]
['CH3OHvt=0-2'],['Methanol'],['20(-1)-19(2)E2vt=0'],[583.97417],[-4.26485],[491.51543],[-4.3286]
['CH3OHvt=0-2'],['Methanol'],['16(0)-15(1)E1vt=0'],[584.146504],[-3.27822],[327.62349],[-3.1991]
['CH3OHvt=0-2'],['Methanol'],['6(1)+-5(0)+vt=0'],[584.449968],[-3.20434],[62.86578],[-2.8457]
['CH3OHvt=0-2'],['Methanol'],['12(1)--11(1)-vt=0'],[584.822445],[-3.04675],[197.07329],[-2.8997]
['CH3OHvt=0-2'],['Methanol'],['5(-2)-6(-3)E2vt=1'],[585.359759],[-2.93112],[399.33815],[-3.4338]
['CH3OHvt=0-2'],['Methanol'],['7(3)+-6(2)+vt=0'],[590.277712],[-3.02248],[114.79294],[-2.982]
['CH3OHvt=0-2'],['Methanol'],['7(3)--6(2)-vt=0'],[590.44043],[-3.02217],[114.79212],[-2.9818]
['CH3OHvt=0-2'],['Methanol'],['9(0)-8(-1)E2vt=0'],[590.790939],[-3.20583],[117.45627],[-3.0669]
['CH3OHvt=0-2'],['Methanol'],['13(1)-12(2)E1vt=0'],[601.849079],[-3.39024],[232.28852],[-3.2726]
['CH3OHvt=0-2'],['Methanol'],['9(1)-8(0)E1vt=0'],[602.233093],[-3.22553],[125.51578],[-3.1062]
['CH3OHvt=0-2'],['Methanol'],['5(3)-4(2)E1vt=1'],[606.197569],[-3.66112],[452.13963],[-4.2547]
['CH3OHvt=0-2'],['Methanol'],['12(2)-11(1)E1vt=0'],[607.2159],[-3.19256],[203.40382],[-3.0702]
['CH3OHvt=0-2'],['Methanol'],['18(2)--17(3)-vt=0'],[611.579918],[-3.33149],[434.17882],[-3.3759]
['CH3OHvt=0-2'],['Methanol'],['4(-2)-3(-1)E2vt=0'],[616.979872],[-2.95303],[49.11558],[-3.0576]
['CH3OHvt=0-2' 'CH3OHvt=0-2'],['Methanol' 'Methanol'],['11(5)+-12(4)+vt=0' '11(5)--12(4)-vt=0'],[618.716383 618.717713],[-3.56872 -3.56872],[291.05449 291.05456],[-3.6172 -3.6172]
['CH3OHvt=0-2'],['Methanol'],['7(4)-8(3)E1vt=0'],[619.074381],[-3.65923],[160.98972],[-3.7053]
['CH3OHvt=0-2'],['Methanol'],['15(1)-14(-2)E2vt=0'],[619.739325],[-4.61102],[299.58944],[-4.5429]
['CH3OHvt=0-2'],['Methanol'],['18(0)+-17(1)+vt=0'],[622.568426],[-3.12368],[396.16013],[-3.1204]
['CH3OHvt=0-2'],['Methanol'],['13(1)+-12(1)+vt=0'],[622.658713],[-2.96324],[223.8417],[-2.8474]
['CH3OHvt=0-2'],['Methanol'],['16(-1)-15(0)E2vt=0'],[622.773715],[-2.9368],[320.62743],[-2.874]
['CH3OHvt=0-2'],['Methanol'],['18(2)+-17(3)+vt=0'],[623.071774],[-3.30726],[434.6958],[-3.3601]
['CH3OHvt=0-2'],['Methanol'],['9(0)-8(1)E1vt=1'],[623.737875],[-3.26522],[404.74959],[-3.5646]
['CH3OHvt=0-2'],['Methanol'],['13(0)-12(0)E1vt=0'],[625.749453],[-2.95573],[223.81738],[-2.8419]
['CH3OHvt=0-2'],['Methanol'],['17(0)-16(1)E1vt=0'],[626.55512],[-3.19224],[366.7862],[-3.1732]
['CH3OHvt=0-2'],['Methanol'],['3(2)--2(1)-vt=0'],[626.62623],[-2.90844],[51.63741],[-3.1322]
['CH3OHvt=0-2'],['Methanol'],['8(7)+-9(6)+vt=0'],[626.817071],[-4.2611],[328.21963],[-4.199]
['CH3OHvt=0-2'],['Methanol'],['13(-1)-12(-1)E2vt=0'],[627.170486],[-2.95414],[216.53059],[-2.8307]
['CH3OHvt=0-2'],['Methanol'],['13(0)+-12(0)+vt=0'],[627.558416],[-2.95096],[211.02434],[-2.8198]
['CH3OHvt=0-2' 'CH3OHvt=0-2' 'CH3OHvt=0-2'],['Methanol' 'Methanol' 'Methanol'],['13(7)+-12(7)+vt=0' '14(-6)-15(-5)E2vt=0' '13(2)--12(2)-vt=0'],[628.03921  628.042148 628.051891],[-3.09848 -3.53658 -2.9575 ],[455.76182 432.55318 248.83296],[-3.0209 -3.6954 -2.8814]
['CH3OHvt=0-2' 'CH3OHvt=0-2'],['Methanol' 'Methanol'],['13(7)-12(7)E1vt=0' '13(-7)-12(-7)E2vt=0'],[628.113713 628.115595],[-3.09576 -3.0957 ],[460.89892 471.30706],[-3.3267 -3.3417]
['CH3OHvt=0-2' 'CH3OHvt=0-2'],['Methanol' 'Methanol'],['13(6)-12(6)E1vt=0' '13(6)+-12(6)+vt=0'],[628.167747 628.187893],[-3.05329 -3.05191],[389.91554 404.83079],[-3.1815 -2.9007]
['CH3OHvt=0-2' 'CH3OHvt=0-2'],['Methanol' 'Methanol'],['13(-6)-12(-6)E2vt=0' '13(5)-12(5)E1vt=0'],[628.237735 628.251353],[-3.05092 -3.01806],[400.08668 347.20971],[-3.1939 -3.0845]
['CH3OHvt=0-2' 'CH3OHvt=0-2' 'CH3OHvt=0-2' 'CH3OHvt=0-2'],['Methanol' 'Methanol' 'Methanol' 'Methanol'],"['13(-5)-12(-5)E2vt=0' '13(-4)-12(-4)E2vt=0' '13(5)+-12(5)+vt=0'
 '13(5)--12(5)-vt=0']",[628.318278 628.329939 628.338263 628.338266],[-3.01827 -2.99231 -3.01624 -3.01624],[335.15316 299.05933 349.04831 349.04831],[-3.0673 -2.9891 -3.0854 -3.0854]
['CH3OHvt=0-2'],['Methanol'],['13(4)-12(4)E1vt=0'],[628.408904],[-2.98981],[307.17202],[-2.9984]
['CH3OHvt=0-2'],['Methanol'],['13(-3)-12(-3)E2vt=0'],[628.445301],[-2.97036],[273.89793],[-2.9308]
['CH3OHvt=0-2'],['Methanol'],['13(3)+-12(3)+vt=0'],[628.46988],[-2.97314],[260.98472],[-2.9149]
['CH3OHvt=0-2' 'CH3OHvt=0-2' 'CH3OHvt=0-2'],['Methanol' 'Methanol' 'Methanol'],['13(4)--12(4)-vt=0' '13(4)+-12(4)+vt=0' '13(3)--12(3)-vt=0'],[628.512166 628.513345 628.525027],[-2.9914  -2.9914  -2.97299],[291.52461 291.52467 260.99168],[-2.9774 -2.9774 -2.9148]
['CH3OHvt=0-2'],['Methanol'],['13(1)-12(1)E1vt=0'],[628.696377],[-2.94343],[232.28784],[-2.8438]
['CH3OHvt=0-2'],['Methanol'],['13(3)-12(3)E1vt=0'],[628.816118],[-2.97135],[258.95541],[-2.9104]
['CH3OHvt=0-2'],['Methanol'],['13(2)+-12(2)+vt=0'],[628.869046],[-2.95585],[248.98009],[-2.8805]
['CH3OHvt=0-2'],['Methanol'],['3(2)+-2(1)+vt=0'],[629.140353],[-2.90319],[51.63721],[-3.1286]
['CH3OHvt=0-2'],['Methanol'],['13(2)-12(2)E1vt=0'],[629.321662],[-2.96161],[233.60698],[-2.8643]
['CH3OHvt=0-2'],['Methanol'],['13(-2)-12(-2)E2vt=0'],[629.651786],[-2.95646],[237.296],[-2.8647]
['CH3OHvt=0-2'],['Methanol'],['7(1)+-6(0)+vt=0'],[629.921348],[-3.10884],[78.97101],[-2.7423]
['CH3OHvt=0-2'],['Methanol'],['7(-1)-8(-2)E2vt=1'],[630.580259],[-3.57152],[478.2077],[-4.0844]
['CH3OHvt=0-2' 'CH3OHvt=0-2'],['Methanol' 'Methanol'],['10(6)--11(5)-vt=0' '10(6)+-11(5)+vt=0'],[630.95121  630.951212],[-3.7631 -3.7631],[321.33498 321.33498],[-3.903 -3.903]
['CH3OHvt=0-2'],['Methanol'],['13(1)--12(1)-vt=0'],[633.423063],[-2.94091],[227.47324],[-2.8374]
['CH3OHvt=0-2'],['Methanol'],['4(-2)-5(-3)E2vt=1'],[633.572015],[-2.77185],[387.76353],[-3.3776]
['CH3OHvt=0-2'],['Methanol'],['11(-2)-10(1)E2vt=0'],[634.689555],[-4.96275],[179.18995],[-4.8598]
"['CH3OHvt=0-2' 'CH3OHvt=0-2' 'CH3OHvt=0-2' 'CH3OHvt=0-2' 'CH3OHvt=0-2'
 'CH3OHvt=0-2' 'CH3OHvt=0-2' 'CH3OHvt=0-2']","['Methanol' 'Methanol' 'Methanol' 'Methanol' 'Methanol' 'Methanol'
 'Methanol' 'Methanol']","['15(4)+-15(3)-vt=0' '14(4)+-14(3)-vt=0' '16(4)+-16(3)-vt=0'
 '13(4)+-13(3)-vt=0' '17(4)+-17(3)-vt=0' '18(4)+-18(3)-vt=0'
 '12(4)+-12(3)-vt=0' '11(4)+-11(3)-vt=0']","[636.190137 636.190947 636.193355 636.196963 636.198557 636.202695
 636.208645 636.225862]",[-2.82769 -2.83341 -2.82251 -2.83969 -2.81757 -2.81296 -2.84693 -2.85541],"[358.80735 324.00645 395.92486 291.5251  435.36032 477.11214 261.36044
 233.51533]",[-2.8561 -2.8404 -2.8775 -2.8307 -2.9041 -2.9358 -2.8277 -2.8321]
['CH3OHvt=0-2'],['Methanol'],['10(4)+-10(3)-vt=0'],[636.248019],[-2.86594],[207.98976],[-2.8452]
"['CH3OHvt=0-2' 'CH3OHvt=0-2' 'CH3OHvt=0-2' 'CH3OHvt=0-2' 'CH3OHvt=0-2'
 'CH3OHvt=0-2' 'CH3OHvt=0-2']","['Methanol' 'Methanol' 'Methanol' 'Methanol' 'Methanol' 'Methanol'
 'Methanol']","['9(4)+-9(3)-vt=0' '10(4)--10(3)+vt=0' '11(4)--11(3)+vt=0'
 '9(4)--9(3)+vt=0' '12(4)--12(3)+vt=0' '8(4)+-8(3)-vt=0' '8(4)--8(3)+vt=0']","[636.274171 636.279338 636.280513 636.291079 636.29944  636.303131
 636.311604]",[-2.87955 -2.86592 -2.85538 -2.87944 -2.84667 -2.89797 -2.89796],[184.78368 207.98983 233.51652 184.78449 261.36048 163.89847 163.89743],[-2.8687 -2.8452 -2.8321 -2.8686 -2.8275 -2.9052 -2.9052]
['CH3OHvt=0-2' 'CH3OHvt=0-2' 'CH3OHvt=0-2'],['Methanol' 'Methanol' 'Methanol'],['7(4)+-7(3)-vt=0' '7(4)--7(3)+vt=0' '13(4)--13(3)+vt=0'],[636.333564 636.337423 636.341727],[-2.92477 -2.92476 -2.8394 ],[145.33118 145.33136 291.52485],[-2.9595 -2.9595 -2.8305]
['CH3OHvt=0-2' 'CH3OHvt=0-2'],['Methanol' 'Methanol'],['6(4)+-6(3)-vt=0' '6(4)--6(3)+vt=0'],[636.364072 636.365618],[-2.96722 -2.96722],[129.08607 129.08614],[-3.0406 -3.0406]
['CH3OHvt=0-2' 'CH3OHvt=0-2' 'CH3OHvt=0-2' 'CH3OHvt=0-2' 'CH3OHvt=0-2'],['Methanol' 'Methanol' 'Methanol' 'Methanol' 'Methanol'],"['5(4)+-5(3)-vt=0' '5(4)--5(3)+vt=0' '14(4)--14(3)+vt=0' '4(4)+-4(3)-vt=0'
 '4(4)--4(3)+vt=0']",[636.393269 636.393785 636.413814 636.41985  636.419979],[-3.04391 -3.04391 -2.83296 -3.22074 -3.22074],[115.16019 115.16021 324.00708 103.55492 103.55492],[-3.1697 -3.1697 -2.8401 -3.4169 -3.4169]
['CH3OHvt=0-2'],['Methanol'],['15(4)--15(3)+vt=0'],[636.523037],[-2.82708],[358.80606],[-2.8557]
['CH3OHvt=0-2'],['Methanol'],['16(4)--16(3)+vt=0'],[636.677681],[-2.8215],[395.92508],[-2.8768]
['CH3OHvt=0-2'],['Methanol'],['17(4)--17(3)+vt=0'],[636.887026],[-2.81623],[435.35883],[-2.9032]
['CH3OHvt=0-2'],['Methanol'],['18(4)--18(3)+vt=0'],[637.16138],[-2.81094],[477.11067],[-2.9344]
['CH3OHvt=0-2'],['Methanol'],['10(0)-9(-1)E2vt=0'],[638.279651],[-3.07818],[140.60182],[-2.9612]
['CH3OHvt=0-2'],['Methanol'],['8(3)+-7(2)+vt=0'],[638.523509],[-2.94614],[133.35925],[-2.9106]
['CH3OHvt=0-2'],['Methanol'],['8(3)--7(2)-vt=0'],[638.817824],[-2.94555],[133.36043],[-2.9102]
['CH3OHvt=0-2'],['Methanol'],['14(1)-13(2)E1vt=0'],[649.540259],[-3.2837],[264.77995],[-3.2135]
['CH3OHvt=0-2'],['Methanol'],['10(1)-9(0)E1vt=0'],[651.617346],[-3.12441],[148.72928],[-3.0277]
['CH3OHvt=0-2'],['Methanol'],['6(3)-5(2)E1vt=1'],[654.341859],[-3.60498],[466.02651],[-4.1776]
['CH3OHvt=0-2'],['Methanol'],['13(2)-12(1)E1vt=0'],[656.16896],[-3.10382],[233.60631],[-3.0237]
['CH3OHvt=0-2'],['Methanol'],['19(2)--18(3)-vt=0'],[658.102069],[-3.22718],[478.16314],[-3.3426]
['CH3OHvt=0-2'],['Methanol'],['5(-2)-4(-1)E2vt=0'],[665.442419],[-2.89755],[60.72434],[-2.9629]
['CH3OHvt=0-2'],['Methanol'],['16(1)-15(-2)E2vt=0'],[666.442393],[-4.46542],[336.71521],[-4.4538]
['CH3OHvt=0-2' 'CH3OHvt=0-2'],['Methanol' 'Methanol'],['10(5)+-11(4)+vt=0' '10(5)--11(4)-vt=0'],[667.146566 667.147231],[-3.51754 -3.51754],[265.53427 265.5343 ],[-3.5996 -3.5996]
['CH3OHvt=0-2'],['Methanol'],['6(4)-7(3)E1vt=0'],[667.497903],[-3.66251],[144.74348],[-3.7782]
['CH3OHvt=0-2'],['Methanol'],['18(0)-17(1)E1vt=0'],[668.116859],[-3.11666],[408.22324],[-3.1599]
['CH3OHvt=0-2'],['Methanol'],['14(1)+-13(1)+vt=0'],[670.422659],[-2.86548],[256.01578],[-2.7956]
['CH3OHvt=0-2'],['Methanol'],['10(0)-9(1)E1vt=1'],[671.912643],[-3.15818],[427.89209],[-3.4782]
['CH3OHvt=0-2'],['Methanol'],['19(2)+-18(3)+vt=0'],[672.3609],[-3.19925],[478.79997],[-3.3244]
['CH3OHvt=0-2'],['Methanol'],['17(-1)-16(0)E2vt=0'],[672.902529],[-2.81652],[359.91749],[-2.8169]
['CH3OHvt=0-2'],['Methanol'],['14(0)-13(0)E1vt=0'],[673.415965],[-2.85898],[256.13641],[-2.7911]
['CH3OHvt=0-2'],['Methanol'],['4(2)--3(1)-vt=0'],[673.745949],[-2.87282],[60.92285],[-3.0307]
['CH3OHvt=0-2'],['Methanol'],['8(1)+-7(0)+vt=0'],[674.990542],[-3.01953],[97.3748],[-2.6537]
['CH3OHvt=0-2'],['Methanol'],['14(-1)-13(-1)E2vt=0'],[675.134541],[-2.85666],[248.93153],[-2.7794]
['CH3OHvt=0-2'],['Methanol'],['7(7)+-8(6)+vt=0'],[675.22911],[-4.53641],[309.66218],[-4.5324]
['CH3OHvt=0-2'],['Methanol'],['14(0)+-13(0)+vt=0'],[675.612623],[-2.85361],[243.44831],[-2.7687]
['CH3OHvt=0-2'],['Methanol'],['3(3)-2(2)E1vt=0'],[675.773379],[-2.59201],[61.63883],[-2.8613]
['CH3OHvt=0-2'],['Methanol'],['14(2)--13(2)-vt=0'],[676.215027],[-2.85867],[281.28518],[-2.8289]
['CH3OHvt=0-2'],['Methanol'],['14(7)+-13(7)+vt=0'],[676.269664],[-2.9772],[488.21727],[-2.946]
['CH3OHvt=0-2'],['Methanol'],['14(7)-13(7)E1vt=0'],[676.361699],[-2.97437],[493.35953],[-3.2517]
['CH3OHvt=0-2' 'CH3OHvt=0-2' 'CH3OHvt=0-2'],['Methanol' 'Methanol' 'Methanol'],['13(-6)-14(-5)E2vt=0' '14(6)-13(6)E1vt=0' '14(6)+-13(6)+vt=0'],[676.396758 676.416107 676.425697],[-3.47524 -2.93979 -2.93843],[400.08727 422.37905 437.29378],[-3.6486 -3.1144 -2.8336]
['CH3OHvt=0-2' 'CH3OHvt=0-2'],['Methanol' 'Methanol'],['14(5)-13(5)E1vt=0' '14(-6)-13(-6)E2vt=0'],[676.494628 676.496576],[-2.91027 -2.93742],[379.67584 432.55356],[-3.0231 -3.1268]
